fecha_salida;duracion_minutos
1/12/2024 4:45;71
1/12/2024 5:35;67
1/12/2024 6:00;80
1/12/2024 6:30;60
1/12/2024 6:30;64
1/12/2024 6:40;69
1/12/2024 7:15;65
1/12/2024 7:30;58
1/12/2024 7:40;64
1/12/2024 7:45;62
1/12/2024 8:00;58
1/12/2024 8:00;69
1/12/2024 8:00;77
1/12/2024 8:30;58
1/12/2024 8:45;69
1/12/2024 9:00;65
1/12/2024 9:00;66
1/12/2024 9:00;90
1/12/2024 9:30 a. m.;63
1/12/2024 9:30;64
1/12/2024 9:30;73
1/12/2024 9:30;94
1/12/2024 9:45;70
1/12/2024 10:00;72
1/12/2024 10:00;73
1/12/2024 10:00;93
1/12/2024 10:00;100
1/12/2024 10:30;74
1/12/2024 10:40;64
1/12/2024 11:00;61
1/12/2024 11:00;66
1/12/2024 11:10;64
1/12/2024 11:10;92
1/12/2024 11:30;54
1/12/2024 11:40;57
1/12/2024 11:40;58
1/12/2024 12:00;51
1/12/2024 12:00;64
1/12/2024 12:15;69
1/12/2024 12:15;82
1/12/2024 12:50;118
1/12/2024 12:55 p. m.;63
1/12/2024 1:00 p. m.;63
1/12/2024 13:00;65
1/12/2024 13:10;66
1/12/2024 13:20;69
1/12/2024 13:30;64
1/12/2024 13:30;109
1/12/2024 14:00;67
1/12/2024 14:00;67
1/12/2024 14:00;71
1/12/2024 14:00;73
1/12/2024 14:15;60
1/12/2024 14:20;64
1/12/2024 14:30;60
1/12/2024 14:30;61
1/12/2024 14:30;74
1/12/2024 14:30;80
1/12/2024 14:40;50
1/12/2024 14:50;64
1/12/2024 15:00;59
1/12/2024 15:00;61
1/12/2024 15:00;73
1/12/2024 15:00;95
1/12/2024 15:15;70
1/12/2024 15:20;50
1/12/2024 3:30 p. m.;63
1/12/2024 15:30;80
1/12/2024 15:30;82
1/12/2024 15:45;69
1/12/2024 16:00;66
1/12/2024 16:00;66
1/12/2024 16:25;67
1/12/2024 16:30;68
1/12/2024 16:30;92
1/12/2024 16:30;92
1/12/2024 16:40;60
1/12/2024 16:40;65
1/12/2024 16:45;76
1/12/2024 17:00;69
1/12/2024 17:00;78
1/12/2024 17:00;78
1/12/2024 17:00;82
1/12/2024 17:00;88
1/12/2024 17:10;66
1/12/2024 17:10;71
1/12/2024 17:10;86
1/12/2024 17:15;72
1/12/2024 17:15;86
1/12/2024 17:30;86
1/12/2024 17:30;94
1/12/2024 17:40;79
1/12/2024 17:40;85
1/12/2024 18:00;79
1/12/2024 18:00;88
1/12/2024 18:00;91
1/12/2024 18:30;70
1/12/2024 18:30;76
1/12/2024 18:35;69
1/12/2024 18:40;65
1/12/2024 18:45;70
1/12/2024 18:45;78
1/12/2024 19:00;71
1/12/2024 19:00;78
1/12/2024 19:00;117
1/12/2024 19:15;75
1/12/2024 19:40;68
1/12/2024 19:40;73
1/12/2024 19:50;62
1/12/2024 20:00;69
1/12/2024 20:30;65
1/12/2024 21:30;77
1/12/2024 21:40;17
1/12/2024 22:00;98
2/12/2024 4:00;806
2/12/2024 4:20;75
2/12/2024 5:00;56
2/12/2024 5:00;62
2/12/2024 5:00;68
2/12/2024 5:00;69
2/12/2024 5:15;54
2/12/2024 5:30;104
2/12/2024 5:40;64
2/12/2024 5:50;71
2/12/2024 6:00;72
2/12/2024 6:10 a. m.;63
2/12/2024 6:10;100
2/12/2024 6:15;71
2/12/2024 6:20;57
2/12/2024 6:30;59
2/12/2024 6:30;64
2/12/2024 6:45;68
2/12/2024 6:50;66
2/12/2024 7:00;73
2/12/2024 7:20;66
2/12/2024 7:20;66
2/12/2024 7:30;72
2/12/2024 7:40;61
2/12/2024 8:00;64
2/12/2024 8:00;65
2/12/2024 8:00;72
2/12/2024 8:10;81
2/12/2024 8:20;59
2/12/2024 8:30;86
2/12/2024 8:40;67
2/12/2024 8:40;72
2/12/2024 8:45;59
2/12/2024 8:50;67
2/12/2024 9:00;67
2/12/2024 9:10;66
2/12/2024 9:30;47
2/12/2024 9:30;61
2/12/2024 9:30;67
2/12/2024 9:30;126
2/12/2024 9:40;60
2/12/2024 10:00;54
2/12/2024 10:00;74
2/12/2024 10:00;93
2/12/2024 10:10;71
2/12/2024 10:30 a. m.;63
2/12/2024 10:30;64
2/12/2024 11:00;51
2/12/2024 11:00;65
2/12/2024 11:00;78
2/12/2024 11:30;55
2/12/2024 11:35;61
2/12/2024 11:40;87
2/12/2024 12:00;64
2/12/2024 12:10;62
2/12/2024 12:30;47
2/12/2024 12:45;62
2/12/2024 12:50;55
2/12/2024 13:00;72
2/12/2024 13:15;139
2/12/2024 13:45;54
2/12/2024 13:45;68
2/12/2024 13:50;61
2/12/2024 13:50;73
2/12/2024 14:00;84
2/12/2024 14:00;98
2/12/2024 14:20;62
2/12/2024 14:30;69
2/12/2024 14:30;113
2/12/2024 14:40;67
2/12/2024 15:00;66
2/12/2024 15:00;85
2/12/2024 15:00;103
2/12/2024 15:30;101
2/12/2024 15:45;57
2/12/2024 15:45;69
2/12/2024 16:00;66
2/12/2024 16:00;72
2/12/2024 16:20;75
2/12/2024 16:30;89
2/12/2024 16:30;90
2/12/2024 16:40;77
2/12/2024 17:00;111
2/12/2024 17:10;67
2/12/2024 17:15;65
2/12/2024 17:15;77
2/12/2024 17:15;80
2/12/2024 17:30;69
2/12/2024 17:30;98
2/12/2024 18:00;67
2/12/2024 18:00;102
2/12/2024 18:30;60
2/12/2024 18:30;68
2/12/2024 19:00;56
2/12/2024 19:00;60
2/12/2024 19:00;71
2/12/2024 19:30;58
2/12/2024 19:30;60
2/12/2024 19:30;82
2/12/2024 20:10;55
2/12/2024 21:15;80
2/12/2024 21:45;62
3/12/2024 4:45;68
3/12/2024 5:00;61
3/12/2024 5:00;62
3/12/2024 5:00;70
3/12/2024 5:45;84
3/12/2024 5:50;60
3/12/2024 6:00;71
3/12/2024 6:00;75
3/12/2024 6:15;62
3/12/2024 6:20;64
3/12/2024 6:30;60
3/12/2024 6:30;83
3/12/2024 6:50;71
3/12/2024 7:00;81
3/12/2024 7:15;71
3/12/2024 7:15;74
3/12/2024 7:30;74
3/12/2024 7:45;68
3/12/2024 8:00;66
3/12/2024 8:00;71
3/12/2024 8:00;98
3/12/2024 8:30;67
3/12/2024 8:30;72
3/12/2024 8:30;87
3/12/2024 8:40;65
3/12/2024 9:00;60
3/12/2024 9:00;67
3/12/2024 9:00;84
3/12/2024 9:15;69
3/12/2024 9:30;66
3/12/2024 9:30;84
3/12/2024 9:30;100
3/12/2024 9:35;69
3/12/2024 10:00;67
3/12/2024 10:15;76
3/12/2024 10:15;77
3/12/2024 10:30;58
3/12/2024 10:30;70
3/12/2024 10:40;132
3/12/2024 10:50;67
3/12/2024 11:00;65
3/12/2024 11:00;72
3/12/2024 11:20;71
3/12/2024 11:30;55
3/12/2024 11:30;72
3/12/2024 11:45;67
3/12/2024 12:00;67
3/12/2024 12:00;71
3/12/2024 12:25;65
3/12/2024 12:30;80
3/12/2024 13:00;90
3/12/2024 13:00;107
3/12/2024 1:15 p. m.;63
3/12/2024 13:30;61
3/12/2024 13:50;67
3/12/2024 14:00;99
3/12/2024 14:30;57
3/12/2024 14:30;103
3/12/2024 14:45;72
3/12/2024 15:30;59
3/12/2024 15:30;81
3/12/2024 15:30;109
3/12/2024 15:35;67
3/12/2024 4:00 p. m.;63
3/12/2024 16:10;71
3/12/2024 16:20;61
3/12/2024 16:30;87
3/12/2024 16:40;67
3/12/2024 16:40;82
3/12/2024 17:00;60
3/12/2024 17:00;61
3/12/2024 17:00;66
3/12/2024 17:00;101
3/12/2024 17:00;170
3/12/2024 17:05;69
3/12/2024 17:20;71
3/12/2024 17:30;69
3/12/2024 17:40;78
3/12/2024 18:00;59
3/12/2024 18:10;61
3/12/2024 18:15;74
3/12/2024 18:30;77
3/12/2024 18:30;94
3/12/2024 18:47;75
3/12/2024 19:00;68
3/12/2024 19:30;76
3/12/2024 19:30;80
3/12/2024 19:40;68
3/12/2024 19:45;67
3/12/2024 20:00;78
3/12/2024 20:45;76
3/12/2024 10:00 p. m.;63
4/12/2024 4:00;70
4/12/2024 4:30;78
4/12/2024 5:00;66
4/12/2024 5:15;54
4/12/2024 5:30;90
4/12/2024 5:30;91
4/12/2024 6:00;70
4/12/2024 6:10;55
4/12/2024 6:15;93
4/12/2024 6:20;70
4/12/2024 6:30;67
4/12/2024 6:45;69
4/12/2024 7:00;59
4/12/2024 7:00;77
4/12/2024 7:10;74
4/12/2024 7:15;61
4/12/2024 7:20;62
4/12/2024 7:40;67
4/12/2024 7:50;61
4/12/2024 8:00;61
4/12/2024 8:00;69
4/12/2024 8:20;74
4/12/2024 8:30;66
4/12/2024 9:00;52
4/12/2024 9:00;62
4/12/2024 9:00;96
4/12/2024 9:15;67
4/12/2024 9:15;68
4/12/2024 9:30;70
4/12/2024 9:30;79
4/12/2024 9:45;87
4/12/2024 10:00;62
4/12/2024 10:00;111
4/12/2024 10:10;57
4/12/2024 10:15 a. m.;63
4/12/2024 10:45;61
4/12/2024 10:50;65
4/12/2024 11:00;82
4/12/2024 11:20;58
4/12/2024 11:20;66
4/12/2024 12:00;56
4/12/2024 12:00;64
4/12/2024 12:05;64
4/12/2024 12:15;62
4/12/2024 12:30;67
4/12/2024 12:30;108
4/12/2024 12:45;74
4/12/2024 12:50 p. m.;63
4/12/2024 13:30;67
4/12/2024 13:30;108
4/12/2024 13:40;79
4/12/2024 13:50;60
4/12/2024 14:00;66
4/12/2024 14:15;67
4/12/2024 14:30;88
4/12/2024 14:30;107
4/12/2024 14:40;72
4/12/2024 3:00 p. m.;63
4/12/2024 15:00;71
4/12/2024 15:00;105
4/12/2024 15:10;78
4/12/2024 15:20;65
4/12/2024 15:25;69
4/12/2024 15:30;97
4/12/2024 15:45;82
4/12/2024 16:00;61
4/12/2024 16:00;99
4/12/2024 16:15;77
4/12/2024 16:30;72
4/12/2024 16:45;98
4/12/2024 17:00;73
4/12/2024 17:00;77
4/12/2024 17:00;79
4/12/2024 17:15;87
4/12/2024 17:30;75
4/12/2024 17:30;113
4/12/2024 17:45;59
4/12/2024 18:00;68
4/12/2024 18:00;71
4/12/2024 18:00;79
4/12/2024 18:00;85
4/12/2024 18:00;102
4/12/2024 18:40;60
4/12/2024 18:40;72
4/12/2024 19:00;58
4/12/2024 19:00;64
4/12/2024 19:30;82
4/12/2024 19:45;67
4/12/2024 19:50;61
4/12/2024 20:00;65
4/12/2024 20:00;69
4/12/2024 20:00;94
4/12/2024 21:00;113
5/12/2024 5:00;62
5/12/2024 5:00;66
5/12/2024 5:00;70
5/12/2024 5:40;90
5/12/2024 6:00;59
5/12/2024 6:00;61
5/12/2024 6:00;90
5/12/2024 6:10;70
5/12/2024 6:20;68
5/12/2024 6:30;68
5/12/2024 6:30;77
5/12/2024 7:00;68
5/12/2024 7:00;89
5/12/2024 7:30 a. m.;63
5/12/2024 7:30;81
5/12/2024 7:30;84
5/12/2024 7:30;90
5/12/2024 7:45;93
5/12/2024 8:00;56
5/12/2024 8:20;61
5/12/2024 8:30;58
5/12/2024 8:45;65
5/12/2024 8:50;9
5/12/2024 9:00;72
5/12/2024 9:00;77
5/12/2024 9:30;54
5/12/2024 9:30;87
5/12/2024 9:30;102
5/12/2024 10:00 a. m.;63
5/12/2024 10:00;94
5/12/2024 10:00;103
5/12/2024 10:15;85
5/12/2024 10:35;70
5/12/2024 10:45;75
5/12/2024 11:00;66
5/12/2024 11:00;75
5/12/2024 11:00;82
5/12/2024 11:30;64
5/12/2024 11:40;78
5/12/2024 12:10;70
5/12/2024 12:20;90
5/12/2024 12:30 p. m.;63
5/12/2024 13:00;95
5/12/2024 13:20;71
5/12/2024 13:30;129
5/12/2024 13:50;79
5/12/2024 14:00;82
5/12/2024 14:00;111
5/12/2024 14:10;70
5/12/2024 14:30;59
5/12/2024 14:30;72
5/12/2024 3:00 p. m.;63
5/12/2024 15:00;85
5/12/2024 15:00;130
5/12/2024 15:20;65
5/12/2024 15:20;73
5/12/2024 15:30;85
5/12/2024 16:00;73
5/12/2024 16:20;79
5/12/2024 16:30;119
5/12/2024 17:00;62
5/12/2024 17:10;68
5/12/2024 17:20;67
5/12/2024 17:20;69
5/12/2024 17:40;77
5/12/2024 17:40;123
5/12/2024 18:00;76
5/12/2024 18:00;77
5/12/2024 18:00;82
5/12/2024 18:30;119
5/12/2024 18:40;77
5/12/2024 19:00;65
5/12/2024 19:00;70
5/12/2024 19:20;70
5/12/2024 19:30;84
5/12/2024 20:00;62
5/12/2024 20:00;91
5/12/2024 20:30;69
5/12/2024 21:15;72
5/12/2024 22:00;82
6/12/2024 5:00;52
6/12/2024 5:00;71
6/12/2024 5:30;72
6/12/2024 5:40;50
6/12/2024 6:00;107
6/12/2024 6:05;69
6/12/2024 6:20;59
6/12/2024 6:40;67
6/12/2024 7:00 a. m.;63
6/12/2024 7:00;80
6/12/2024 7:30;73
6/12/2024 7:40 a. m.;63
6/12/2024 7:50;74
6/12/2024 8:00;74
6/12/2024 8:20;75
6/12/2024 8:30;62
6/12/2024 8:30;82
6/12/2024 8:45;56
6/12/2024 9:00;67
6/12/2024 9:00;84
6/12/2024 9:15;60
6/12/2024 9:30;59
6/12/2024 9:30;69
6/12/2024 9:45;67
6/12/2024 9:45;68
6/12/2024 10:00;73
6/12/2024 10:00;99
6/12/2024 10:10;61
6/12/2024 10:20;62
6/12/2024 10:20 a. m.;63
6/12/2024 10:20;67
6/12/2024 11:00;60
6/12/2024 11:00;64
6/12/2024 11:15;65
6/12/2024 11:20;67
6/12/2024 11:30;70
6/12/2024 11:50;72
6/12/2024 11:50;79
6/12/2024 12:00;89
6/12/2024 12:15;66
6/12/2024 12:30;60
6/12/2024 12:30;75
6/12/2024 12:30;85
6/12/2024 1:10 p. m.;63
6/12/2024 13:10;67
6/12/2024 13:30;54
6/12/2024 13:30;59
6/12/2024 13:40;66
6/12/2024 13:50;68
6/12/2024 14:00;71
6/12/2024 14:00;71
6/12/2024 14:20;70
6/12/2024 14:30;90
6/12/2024 14:40;67
6/12/2024 15:00;61
6/12/2024 15:00;61
6/12/2024 15:00;72
6/12/2024 15:00;83
6/12/2024 15:00;106
6/12/2024 15:30;75
6/12/2024 15:30;76
6/12/2024 15:50;68
6/12/2024 16:00;58
6/12/2024 4:00 p. m.;63
6/12/2024 16:00;70
6/12/2024 16:00;72
6/12/2024 16:00;73
6/12/2024 16:20;68
6/12/2024 16:30;71
6/12/2024 16:30;89
6/12/2024 16:50;68
6/12/2024 17:00;60
6/12/2024 17:00;67
6/12/2024 17:00;89
6/12/2024 17:00;109
6/12/2024 17:15;70
6/12/2024 17:20;73
6/12/2024 17:30;70
6/12/2024 17:30;71
6/12/2024 17:30;89
6/12/2024 17:45;61
6/12/2024 17:45;67
6/12/2024 17:50;183
6/12/2024 18:00;49
6/12/2024 18:00;67
6/12/2024 18:00;75
6/12/2024 18:00;79
6/12/2024 18:00;94
6/12/2024 18:30;54
6/12/2024 18:30;66
6/12/2024 18:30;72
6/12/2024 18:40;70
6/12/2024 19:00;60
6/12/2024 19:00;69
6/12/2024 19:15;62
6/12/2024 19:15;66
6/12/2024 19:30;59
6/12/2024 19:40;73
6/12/2024 19:40;78
6/12/2024 20:00;67
6/12/2024 8:30 p. m.;63
6/12/2024 20:30;79
6/12/2024 20:30;84
6/12/2024 21:00;47
6/12/2024 21:00;60
6/12/2024 21:15;68
6/12/2024 22:00;94
7/12/2024 4:40;91
7/12/2024 5:00;53
7/12/2024 5:00;66
7/12/2024 5:40;91
7/12/2024 6:00;64
7/12/2024 6:10;90
7/12/2024 6:30 a. m.;63
7/12/2024 6:30;68
7/12/2024 6:30;78
7/12/2024 7:00 a. m.;63
7/12/2024 7:10 a. m.;63
7/12/2024 7:15;72
7/12/2024 7:30;60
7/12/2024 7:30;67
7/12/2024 7:30;78
7/12/2024 7:30;90
7/12/2024 7:50;71
7/12/2024 8:00;76
7/12/2024 8:15;60
7/12/2024 8:15;67
7/12/2024 8:30 a. m.;63
7/12/2024 8:30;69
7/12/2024 8:45;62
7/12/2024 8:45;69
7/12/2024 9:00;70
7/12/2024 9:00;91
7/12/2024 9:24;73
7/12/2024 9:30;60
7/12/2024 9:30;93
7/12/2024 9:40;57
7/12/2024 9:50;71
7/12/2024 10:00 a. m.;63
7/12/2024 10:00;65
7/12/2024 10:00;86
7/12/2024 10:00;88
7/12/2024 10:00;101
7/12/2024 10:10;71
7/12/2024 10:15;66
7/12/2024 10:15;76
7/12/2024 10:30;86
7/12/2024 10:40;72
7/12/2024 10:40;73
7/12/2024 10:50;70
7/12/2024 11:00;75
7/12/2024 11:00;79
7/12/2024 11:00;107
7/12/2024 11:30;56
7/12/2024 11:30;73
7/12/2024 11:45;72
7/12/2024 11:50;65
7/12/2024 12:00;82
7/12/2024 12:00;106
7/12/2024 12:10;78
7/12/2024 12:20;68
7/12/2024 12:30;76
7/12/2024 12:30;96
7/12/2024 12:40;73
7/12/2024 12:40;81
7/12/2024 12:45;65
7/12/2024 13:00;66
7/12/2024 13:00;77
7/12/2024 13:00;95
7/12/2024 13:20;74
7/12/2024 13:25;61
7/12/2024 13:30;60
7/12/2024 13:50;70
7/12/2024 13:50;73
7/12/2024 14:00;57
7/12/2024 14:00;69
7/12/2024 14:00;87
7/12/2024 14:10;59
7/12/2024 14:15;67
7/12/2024 14:30;66
7/12/2024 14:30;71
7/12/2024 14:30;85
7/12/2024 14:40;80
7/12/2024 14:45;61
7/12/2024 14:45;96
7/12/2024 15:00;71
7/12/2024 15:00;72
7/12/2024 15:00;76
7/12/2024 15:00;79
7/12/2024 15:15;64
7/12/2024 15:30;61
7/12/2024 15:30;67
7/12/2024 15:30;68
7/12/2024 15:30;75
7/12/2024 15:30;87
7/12/2024 15:40;69
7/12/2024 15:50;81
7/12/2024 4:00 p. m.;63
7/12/2024 16:00;68
7/12/2024 16:00;69
7/12/2024 16:00;72
7/12/2024 16:15;72
7/12/2024 4:20 p. m.;63
7/12/2024 16:30;66
7/12/2024 16:30;68
7/12/2024 16:30;86
7/12/2024 17:00;56
7/12/2024 17:00;80
7/12/2024 17:00;86
7/12/2024 17:00;111
7/12/2024 17:15;82
7/12/2024 17:20;77
7/12/2024 17:30;60
7/12/2024 17:30;88
7/12/2024 17:40;61
7/12/2024 18:00;70
7/12/2024 18:10;60
7/12/2024 18:15;75
7/12/2024 18:30;68
7/12/2024 18:30;90
7/12/2024 18:45;62
7/12/2024 18:50;72
7/12/2024 19:00;73
7/12/2024 19:00;76
7/12/2024 19:00;81
7/12/2024 19:00;87
7/12/2024 19:30;70
7/12/2024 20:00;69
7/12/2024 20:15;64
7/12/2024 20:55;64
7/12/2024 21:00;75
7/12/2024 9:50 p. m.;63
8/12/2024 5:45;90
8/12/2024 5:50;55
8/12/2024 6:00;87
8/12/2024 7:00;59
8/12/2024 7:15;60
8/12/2024 7:20;67
8/12/2024 7:30;68
8/12/2024 7:50;73
8/12/2024 8:00;67
8/12/2024 8:30;56
8/12/2024 8:40;73
8/12/2024 8:50;75
8/12/2024 9:00;58
8/12/2024 9:00;62
8/12/2024 9:00 a. m.;63
8/12/2024 9:20;60
8/12/2024 9:30;72
8/12/2024 9:30;88
8/12/2024 9:40;59
8/12/2024 9:45;89
8/12/2024 9:50;64
8/12/2024 10:00;80
8/12/2024 10:00;89
8/12/2024 10:10;53
8/12/2024 10:30;73
8/12/2024 10:40;75
8/12/2024 10:50;60
8/12/2024 11:20;53
8/12/2024 11:20;59
8/12/2024 11:20 a. m.;63
8/12/2024 11:20;74
8/12/2024 11:30;78
8/12/2024 11:30;81
8/12/2024 12:00;58
8/12/2024 12:00;82
8/12/2024 12:15 p. m.;63
8/12/2024 12:30;61
8/12/2024 12:40;65
8/12/2024 13:00;59
8/12/2024 13:00;94
8/12/2024 13:20;67
8/12/2024 13:40;55
8/12/2024 1:40 p. m.;63
8/12/2024 13:45;75
8/12/2024 14:00;66
8/12/2024 14:00;77
8/12/2024 14:15;73
8/12/2024 14:30;89
8/12/2024 14:45;39
8/12/2024 14:45;55
8/12/2024 14:50;57
8/12/2024 15:00;42
8/12/2024 3:00 p. m.;63
8/12/2024 15:10;58
8/12/2024 15:15;95
8/12/2024 15:30;49
8/12/2024 15:30;60
8/12/2024 15:30;65
8/12/2024 15:45;70
8/12/2024 16:00;84
8/12/2024 16:00;97
8/12/2024 16:30;57
8/12/2024 16:30;70
8/12/2024 16:30;75
8/12/2024 16:30;92
8/12/2024 16:30;112
8/12/2024 16:40;77
8/12/2024 17:00;75
8/12/2024 17:00;87
8/12/2024 17:00;92
8/12/2024 17:20;76
8/12/2024 17:25;69
8/12/2024 17:30;76
8/12/2024 17:30;78
8/12/2024 17:30;84
8/12/2024 17:45;65
8/12/2024 17:50;64
8/12/2024 18:00;75
8/12/2024 18:00;89
8/12/2024 18:15;60
8/12/2024 18:15;73
8/12/2024 18:20;74
8/12/2024 18:30;76
8/12/2024 18:45;59
8/12/2024 6:50 p. m.;63
8/12/2024 19:00;80
8/12/2024 19:00;84
8/12/2024 19:00;85
8/12/2024 19:30;54
8/12/2024 19:30;64
8/12/2024 20:00;77
8/12/2024 20:00;80
8/12/2024 21:20;59
8/12/2024 22:00;57
9/12/2024 4:30;79
9/12/2024 5:00 a. m.;63
9/12/2024 5:00;66
9/12/2024 5:00;70
9/12/2024 5:00;110
9/12/2024 5:05;64
9/12/2024 5:30 a. m.;63
9/12/2024 5:30;90
9/12/2024 5:45;84
9/12/2024 6:00;69
9/12/2024 6:00;73
9/12/2024 6:00;97
9/12/2024 6:25;70
9/12/2024 6:30;69
9/12/2024 6:30;73
9/12/2024 6:30;75
9/12/2024 6:45 a. m.;63
9/12/2024 6:50;62
9/12/2024 7:00;121
9/12/2024 7:05;65
9/12/2024 7:15;58
9/12/2024 7:20;64
9/12/2024 7:30;52
9/12/2024 7:30;80
9/12/2024 7:30;81
9/12/2024 8:00;67
9/12/2024 8:00;69
9/12/2024 8:15;68
9/12/2024 8:20;70
9/12/2024 8:30;76
9/12/2024 8:45;58
9/12/2024 9:00;62
9/12/2024 9:00;62
9/12/2024 9:00;83
9/12/2024 9:00;83
9/12/2024 9:20;66
9/12/2024 9:30;89
9/12/2024 9:45;58
9/12/2024 9:45;68
9/12/2024 10:00;61
9/12/2024 10:00;61
9/12/2024 10:00;74
9/12/2024 10:00;87
9/12/2024 10:10;71
9/12/2024 10:30;61
9/12/2024 10:30;77
9/12/2024 10:45;75
9/12/2024 11:00 a. m.;63
9/12/2024 11:00 a. m.;63
9/12/2024 11:00;64
9/12/2024 11:00;91
9/12/2024 11:15;53
9/12/2024 11:20;77
9/12/2024 11:45;70
9/12/2024 11:50;66
9/12/2024 12:00;66
9/12/2024 12:00;94
9/12/2024 12:12;60
9/12/2024 12:20;61
9/12/2024 12:20;66
9/12/2024 12:30;50
9/12/2024 12:35;61
9/12/2024 12:40 p. m.;63
9/12/2024 12:50;61
9/12/2024 13:00;68
9/12/2024 13:20;64
9/12/2024 13:35;69
9/12/2024 13:40;69
9/12/2024 13:45;69
9/12/2024 14:00;113
9/12/2024 14:30;83
9/12/2024 14:30;94
9/12/2024 14:30;100
9/12/2024 14:40;80
9/12/2024 14:50;78
9/12/2024 15:00;74
9/12/2024 15:10;70
9/12/2024 15:20;66
9/12/2024 15:25;68
9/12/2024 15:30;71
9/12/2024 15:30;78
9/12/2024 15:30;80
9/12/2024 16:00;57
9/12/2024 4:00 p. m.;63
9/12/2024 16:00;99
9/12/2024 4:15 p. m.;63
9/12/2024 16:15;82
9/12/2024 16:30;107
9/12/2024 16:40;65
9/12/2024 4:45 p. m.;63
9/12/2024 17:00;61
9/12/2024 17:00;91
9/12/2024 5:20 p. m.;63
9/12/2024 17:20;66
9/12/2024 17:30;57
9/12/2024 17:30;59
9/12/2024 17:30;67
9/12/2024 17:30;68
9/12/2024 17:30;92
9/12/2024 18:00;55
9/12/2024 18:00;72
9/12/2024 18:00;72
9/12/2024 18:00;73
9/12/2024 18:30;70
9/12/2024 18:30;90
9/12/2024 6:50 p. m.;63
9/12/2024 18:50;65
9/12/2024 19:00;68
9/12/2024 19:00;91
9/12/2024 19:30;58
9/12/2024 19:30;80
9/12/2024 20:00;66
9/12/2024 20:20;56
9/12/2024 20:30;126
9/12/2024 20:40;67
9/12/2024 21:00;55
10/12/2024 4:00;76
10/12/2024 4:40 a. m.;63
10/12/2024 5:00;66
10/12/2024 5:00;69
10/12/2024 5:00;128
10/12/2024 5:30;71
10/12/2024 5:30;115
10/12/2024 6:00;56
10/12/2024 6:15;62
10/12/2024 6:30;69
10/12/2024 6:40 a. m.;63
10/12/2024 6:50 a. m.;63
10/12/2024 7:00;64
10/12/2024 7:00;73
10/12/2024 7:20;62
10/12/2024 7:20;66
10/12/2024 7:30;78
10/12/2024 7:30;90
10/12/2024 7:45;66
10/12/2024 7:45;66
10/12/2024 8:00;60
10/12/2024 8:00;77
10/12/2024 8:00;88
10/12/2024 8:15;69
10/12/2024 8:20;72
10/12/2024 8:30;67
10/12/2024 8:40;122
10/12/2024 9:00;58
10/12/2024 9:10;57
10/12/2024 9:20;61
10/12/2024 9:30;57
10/12/2024 9:40;84
10/12/2024 9:45;66
10/12/2024 10:00;71
10/12/2024 10:20;62
10/12/2024 10:30;71
10/12/2024 10:30;79
10/12/2024 11:00;71
10/12/2024 11:00;72
10/12/2024 11:15;81
10/12/2024 11:30;56
10/12/2024 11:45;68
10/12/2024 11:45;117
10/12/2024 12:00;89
10/12/2024 12:00;90
10/12/2024 12:20;70
10/12/2024 12:50;66
10/12/2024 13:00;64
10/12/2024 13:15;61
10/12/2024 13:30;62
10/12/2024 13:30;68
10/12/2024 13:30;76
10/12/2024 14:00;66
10/12/2024 14:10;61
10/12/2024 14:20;65
10/12/2024 14:30;100
10/12/2024 14:45;62
10/12/2024 15:00;70
10/12/2024 15:30;62
10/12/2024 15:30;124
10/12/2024 15:40;75
10/12/2024 16:30;66
10/12/2024 16:30;101
10/12/2024 16:50;60
10/12/2024 16:50;67
10/12/2024 17:00;61
10/12/2024 17:00;98
10/12/2024 17:10;71
10/12/2024 17:15;66
10/12/2024 17:30;53
10/12/2024 17:30;62
10/12/2024 17:30;90
10/12/2024 17:35;60
10/12/2024 17:40;65
10/12/2024 17:50;65
10/12/2024 18:00;59
10/12/2024 18:00;71
10/12/2024 18:10;70
10/12/2024 18:15;79
10/12/2024 18:35;92
10/12/2024 18:40;72
10/12/2024 19:00;74
10/12/2024 19:00;76
10/12/2024 19:00;81
10/12/2024 19:30;77
10/12/2024 19:40;67
10/12/2024 20:00;56
10/12/2024 20:00;58
10/12/2024 20:00;67
10/12/2024 20:00;73
10/12/2024 20:15;61
10/12/2024 20:30;92
10/12/2024 21:00;80
11/12/2024 5:00;67
11/12/2024 5:00;70
11/12/2024 5:15;76
11/12/2024 5:40;73
11/12/2024 5:40;91
11/12/2024 6:00;81
11/12/2024 6:30;54
11/12/2024 6:30;61
11/12/2024 6:30;69
11/12/2024 6:50;61
11/12/2024 7:00;15
11/12/2024 7:00;65
11/12/2024 7:00;75
11/12/2024 7:10;59
11/12/2024 7:25;65
11/12/2024 7:25;65
11/12/2024 7:30;52
11/12/2024 7:40;68
11/12/2024 7:40;77
11/12/2024 8:00;66
11/12/2024 8:00;74
11/12/2024 8:10;67
11/12/2024 8:20;69
11/12/2024 8:30;81
11/12/2024 8:40;77
11/12/2024 8:45;64
11/12/2024 9:00;89
11/12/2024 9:30;67
11/12/2024 9:30;97
11/12/2024 9:50;64
11/12/2024 10:00;62
11/12/2024 10:00;72
11/12/2024 10:00;95
11/12/2024 10:30;58
11/12/2024 10:45;66
11/12/2024 11:00;81
11/12/2024 11:15;61
11/12/2024 11:30;66
11/12/2024 11:30;72
11/12/2024 11:30;73
11/12/2024 12:00;70
11/12/2024 12:00;82
11/12/2024 12:30;57
11/12/2024 12:30;68
11/12/2024 12:30;87
11/12/2024 13:15;101
11/12/2024 13:20;58
11/12/2024 13:30;58
11/12/2024 13:50;64
11/12/2024 14:00;62
11/12/2024 14:00;82
11/12/2024 14:00;92
11/12/2024 14:30;58
11/12/2024 14:30;70
11/12/2024 14:30;80
11/12/2024 14:50;69
11/12/2024 15:15;68
11/12/2024 15:20;62
11/12/2024 15:30;66
11/12/2024 15:30;74
11/12/2024 15:50;67
11/12/2024 16:00;91
11/12/2024 16:00;94
11/12/2024 16:30;57
11/12/2024 16:30;75
11/12/2024 16:30;102
11/12/2024 16:40;61
11/12/2024 17:00;72
11/12/2024 17:10;72
11/12/2024 17:15;72
11/12/2024 17:15;101
11/12/2024 5:30 p. m.;63
11/12/2024 17:30;84
11/12/2024 18:00;70
11/12/2024 18:00;70
11/12/2024 18:00;81
11/12/2024 18:30;69
11/12/2024 18:30;82
11/12/2024 18:30;95
11/12/2024 18:40;91
11/12/2024 19:20;65
11/12/2024 19:20;82
11/12/2024 7:45 p. m.;63
11/12/2024 20:30;68
11/12/2024 21:00;83
11/12/2024 21:45;84
12/12/2024 4:30;83
12/12/2024 5:00;55
12/12/2024 5:00 a. m.;63
12/12/2024 5:30;64
12/12/2024 5:42;90
12/12/2024 5:50;71
12/12/2024 6:15;131
12/12/2024 6:20;67
12/12/2024 6:25;75
12/12/2024 6:30;70
12/12/2024 6:30;93
12/12/2024 6:45;66
12/12/2024 7:00;68
12/12/2024 7:00;71
12/12/2024 7:15;68
12/12/2024 7:40;65
12/12/2024 7:40;70
12/12/2024 7:45;58
12/12/2024 8:00;62
12/12/2024 8:20;59
12/12/2024 8:40;55
12/12/2024 8:50;59
12/12/2024 8:50;79
12/12/2024 9:20 a. m.;63
12/12/2024 9:20;78
12/12/2024 9:30;64
12/12/2024 9:30;99
12/12/2024 9:40;87
12/12/2024 10:00;55
12/12/2024 10:00 a. m.;63
12/12/2024 10:00;92
12/12/2024 10:15;60
12/12/2024 10:30;69
12/12/2024 11:00;60
12/12/2024 11:00 a. m.;63
12/12/2024 11:15;81
12/12/2024 11:20;64
12/12/2024 11:30;65
12/12/2024 11:40;66
12/12/2024 11:40;88
12/12/2024 12:00;64
12/12/2024 12:15;75
12/12/2024 12:30;71
12/12/2024 13:00;67
12/12/2024 13:00;84
12/12/2024 14:00;62
12/12/2024 14:10;66
12/12/2024 14:30;62
12/12/2024 14:30;91
12/12/2024 14:30;94
12/12/2024 2:45 p. m.;63
12/12/2024 14:45;65
12/12/2024 15:00;65
12/12/2024 15:00;78
12/12/2024 15:15;77
12/12/2024 15:20;73
12/12/2024 15:40;76
12/12/2024 15:50;75
12/12/2024 16:00;88
12/12/2024 16:00;89
12/12/2024 16:00;95
12/12/2024 16:20;77
12/12/2024 16:40;71
12/12/2024 16:45;66
12/12/2024 16:55;77
12/12/2024 17:00;96
12/12/2024 17:15;71
12/12/2024 17:30;48
12/12/2024 17:50;70
12/12/2024 18:00;77
12/12/2024 18:00;88
12/12/2024 18:10;68
12/12/2024 18:10;70
12/12/2024 18:30;66
12/12/2024 18:30;82
12/12/2024 19:00;59
12/12/2024 19:00;71
12/12/2024 19:15;65
12/12/2024 19:30;72
12/12/2024 19:50;56
12/12/2024 20:00;88
12/12/2024 20:30;66
12/12/2024 8:50 p. m.;63
12/12/2024 21:00;69
12/12/2024 21:20;65
12/12/2024 22:00;62
13/12/2024 5:00;55
13/12/2024 5:00;75
13/12/2024 5:30;56
13/12/2024 5:45;85
13/12/2024 5:50;57
13/12/2024 6:00;68
13/12/2024 6:15;71
13/12/2024 6:30;65
13/12/2024 7:00;59
13/12/2024 7:00;70
13/12/2024 7:00;71
13/12/2024 7:00;80
13/12/2024 7:25;79
13/12/2024 7:30;74
13/12/2024 7:30;91
13/12/2024 7:50;59
13/12/2024 8:00;72
13/12/2024 8:00;76
13/12/2024 8:00;78
13/12/2024 8:15;65
13/12/2024 8:30;64
13/12/2024 8:30;75
13/12/2024 8:50;61
13/12/2024 9:00;61
13/12/2024 9:00;62
13/12/2024 9:00;78
13/12/2024 9:00;103
13/12/2024 9:20;70
13/12/2024 9:30;59
13/12/2024 9:30;86
13/12/2024 9:30;93
13/12/2024 9:45;58
13/12/2024 10:00;64
13/12/2024 10:00;89
13/12/2024 10:30;62
13/12/2024 10:30;81
13/12/2024 10:30;83
13/12/2024 10:50;66
13/12/2024 11:00;69
13/12/2024 11:00;71
13/12/2024 11:00;77
13/12/2024 11:30;59
13/12/2024 11:30;66
13/12/2024 11:35;68
13/12/2024 11:45;70
13/12/2024 12:00;65
13/12/2024 12:00;72
13/12/2024 12:00;79
13/12/2024 12:15;62
13/12/2024 12:30;113
13/12/2024 12:45;55
13/12/2024 12:50;60
13/12/2024 13:00;69
13/12/2024 13:10;65
13/12/2024 13:15;71
13/12/2024 1:30 p. m.;63
13/12/2024 13:30;77
13/12/2024 14:00;56
13/12/2024 14:00;68
13/12/2024 14:00;96
13/12/2024 14:20;69
13/12/2024 14:30;67
13/12/2024 15:00;114
13/12/2024 15:30;90
13/12/2024 15:40;67
13/12/2024 16:00;64
13/12/2024 16:00;64
13/12/2024 16:00;67
13/12/2024 16:00;70
13/12/2024 16:00;83
13/12/2024 16:20;70
13/12/2024 16:30;45
13/12/2024 16:30;72
13/12/2024 16:30;98
13/12/2024 16:40;73
13/12/2024 16:45;67
13/12/2024 16:50;62
13/12/2024 16:50;82
13/12/2024 17:00;107
13/12/2024 17:10;66
13/12/2024 17:20;78
13/12/2024 17:30;66
13/12/2024 17:30;68
13/12/2024 17:30;69
13/12/2024 17:30;87
13/12/2024 18:00;69
13/12/2024 18:00;73
13/12/2024 18:00;85
13/12/2024 18:00;87
13/12/2024 18:15;72
13/12/2024 18:20;79
13/12/2024 18:30;58
13/12/2024 18:30;72
13/12/2024 19:00;64
13/12/2024 19:00;79
13/12/2024 19:00;96
13/12/2024 19:30;60
13/12/2024 19:50;62
13/12/2024 20:00;61
13/12/2024 20:00;94
13/12/2024 20:10;65
13/12/2024 20:20;51
13/12/2024 20:20;75
13/12/2024 20:45;69
13/12/2024 21:00;78
13/12/2024 21:00;93
13/12/2024 22:30;85
14/12/2024 3:00;72
14/12/2024 5:00;58
14/12/2024 5:00;61
14/12/2024 5:30;91
14/12/2024 6:00;56
14/12/2024 6:00;82
14/12/2024 6:00;90
14/12/2024 6:30 a. m.;63
14/12/2024 7:00;54
14/12/2024 7:00;65
14/12/2024 7:00;72
14/12/2024 7:30;56
14/12/2024 7:40 a. m.;63
14/12/2024 7:40;66
14/12/2024 7:50;64
14/12/2024 8:00;65
14/12/2024 8:00;75
14/12/2024 8:00;110
14/12/2024 8:20;66
14/12/2024 8:30;58
14/12/2024 8:45;61
14/12/2024 8:50;76
14/12/2024 9:00;57
14/12/2024 9:00;62
14/12/2024 9:15;68
14/12/2024 9:30;58
14/12/2024 9:30;60
14/12/2024 9:30;62
14/12/2024 9:30;76
14/12/2024 9:30;77
14/12/2024 9:30;85
14/12/2024 10:00;59
14/12/2024 10:00;91
14/12/2024 10:15;6
14/12/2024 10:30;73
14/12/2024 10:30;108
14/12/2024 10:30;200
14/12/2024 10:40;87
14/12/2024 11:00;105
14/12/2024 11:10;103
14/12/2024 11:30;128
14/12/2024 11:30;130
14/12/2024 11:30;148
14/12/2024 11:30;157
14/12/2024 12:00;77
14/12/2024 12:00;77
14/12/2024 12:00;83
14/12/2024 12:00;85
14/12/2024 12:00;99
14/12/2024 12:00;156
14/12/2024 12:20;78
14/12/2024 12:30;67
14/12/2024 12:30;77
14/12/2024 12:30;84
14/12/2024 12:40;68
14/12/2024 12:49;60
14/12/2024 12:50;61
14/12/2024 12:50;67
14/12/2024 13:00;70
14/12/2024 13:00;102
14/12/2024 13:20;61
14/12/2024 13:20;64
14/12/2024 1:30 p. m.;63
14/12/2024 13:30;95
14/12/2024 13:30;146
14/12/2024 13:40;59
14/12/2024 13:40;72
14/12/2024 14:00;71
14/12/2024 14:00;77
14/12/2024 14:00;94
14/12/2024 14:05;79
14/12/2024 14:10;77
14/12/2024 14:15;70
14/12/2024 14:30;73
14/12/2024 14:30;73
14/12/2024 14:30;101
14/12/2024 14:45;68
14/12/2024 15:00;72
14/12/2024 15:00;84
14/12/2024 15:00;87
14/12/2024 15:15;85
14/12/2024 15:20;79
14/12/2024 15:30;61
14/12/2024 15:30;62
14/12/2024 15:30;90
14/12/2024 15:45;67
14/12/2024 16:00;58
14/12/2024 16:00;71
14/12/2024 16:00;135
14/12/2024 16:20;85
14/12/2024 16:30;68
14/12/2024 16:30;74
14/12/2024 16:30;84
14/12/2024 16:30;119
14/12/2024 17:00;71
14/12/2024 17:00;83
14/12/2024 17:00;105
14/12/2024 17:15;77
14/12/2024 17:30;64
14/12/2024 17:30;69
14/12/2024 17:30;98
14/12/2024 17:30;107
14/12/2024 17:30;119
14/12/2024 17:45;73
14/12/2024 6:00 p. m.;63
14/12/2024 18:00;74
14/12/2024 18:00;87
14/12/2024 18:15;77
14/12/2024 18:20;62
14/12/2024 6:20 p. m.;63
14/12/2024 18:30;57
14/12/2024 18:30;76
14/12/2024 18:40;78
14/12/2024 18:45;69
14/12/2024 18:50;73
14/12/2024 19:00;68
14/12/2024 19:00;73
14/12/2024 19:25;60
14/12/2024 19:30;70
14/12/2024 19:30;78
14/12/2024 19:30;85
14/12/2024 20:00;66
14/12/2024 20:00;74
14/12/2024 20:10;59
14/12/2024 20:25;65
14/12/2024 8:40 p. m.;63
14/12/2024 21:00;92
14/12/2024 21:10;67
15/12/2024 5:00;58
15/12/2024 5:30;62
15/12/2024 5:45;99
15/12/2024 6:30 a. m.;63
15/12/2024 6:30;82
15/12/2024 7:00;59
15/12/2024 7:00;70
15/12/2024 7:20;72
15/12/2024 7:30;65
15/12/2024 7:30;67
15/12/2024 8:00;64
15/12/2024 8:00;66
15/12/2024 8:00;124
15/12/2024 8:15;65
15/12/2024 8:25;60
15/12/2024 8:30;68
15/12/2024 8:30;75
15/12/2024 8:50;57
15/12/2024 9:00;79
15/12/2024 9:20 a. m.;63
15/12/2024 9:20;75
15/12/2024 9:30;82
15/12/2024 9:45;73
15/12/2024 10:00;59
15/12/2024 10:00;61
15/12/2024 10:00;65
15/12/2024 10:00;72
15/12/2024 10:30;58
15/12/2024 10:30;67
15/12/2024 10:30;90
15/12/2024 11:00;54
15/12/2024 11:00;68
15/12/2024 11:00;69
15/12/2024 11:06;65
15/12/2024 11:20;62
15/12/2024 11:30;65
15/12/2024 11:40;66
15/12/2024 11:50;53
15/12/2024 11:50;71
15/12/2024 12:15;52
15/12/2024 12:30;66
15/12/2024 12:30;67
15/12/2024 12:30;73
15/12/2024 12:30;73
15/12/2024 13:00;60
15/12/2024 13:00;70
15/12/2024 13:15;59
15/12/2024 13:15;122
15/12/2024 1:30 p. m.;63
15/12/2024 13:30;72
15/12/2024 13:30;125
15/12/2024 13:40;76
15/12/2024 14:00;61
15/12/2024 14:00;71
15/12/2024 14:00;80
15/12/2024 14:15;69
15/12/2024 14:20;64
15/12/2024 14:30;60
15/12/2024 14:30;71
15/12/2024 14:30;123
15/12/2024 14:40;68
15/12/2024 15:00;60
15/12/2024 15:00;70
15/12/2024 15:00;117
15/12/2024 15:00;131
15/12/2024 15:15;66
15/12/2024 15:15;121
15/12/2024 15:20;79
15/12/2024 15:30;75
15/12/2024 15:45;72
15/12/2024 15:45;73
15/12/2024 15:50;62
15/12/2024 16:00;64
15/12/2024 16:00;113
15/12/2024 16:00;119
15/12/2024 16:00;138
15/12/2024 16:00;139
15/12/2024 16:20;60
15/12/2024 16:30;55
15/12/2024 16:30;71
15/12/2024 16:30;72
15/12/2024 16:30;76
15/12/2024 16:40;71
15/12/2024 16:40;132
15/12/2024 16:45;75
15/12/2024 17:00;73
15/12/2024 17:10;69
15/12/2024 17:15;73
15/12/2024 17:20;84
15/12/2024 17:30;96
15/12/2024 17:30;133
15/12/2024 17:30;140
15/12/2024 17:40;56
15/12/2024 5:45 p. m.;63
15/12/2024 18:00;70
15/12/2024 18:00;80
15/12/2024 18:00;124
15/12/2024 18:00;134
15/12/2024 18:30;75
15/12/2024 18:30;78
15/12/2024 18:30;78
15/12/2024 18:40;65
15/12/2024 19:00;79
15/12/2024 19:00;121
15/12/2024 19:20;67
15/12/2024 19:20;78
15/12/2024 19:50;61
15/12/2024 20:30;56
15/12/2024 20:30;75
15/12/2024 20:30;88
15/12/2024 21:00;73
15/12/2024 21:15;103
16/12/2024 5:00;52
16/12/2024 5:00 a. m.;63
16/12/2024 5:00 a. m.;63
16/12/2024 5:00;64
16/12/2024 5:00;65
16/12/2024 5:40;90
16/12/2024 5:50;61
16/12/2024 6:15;62
16/12/2024 6:15 a. m.;63
16/12/2024 6:20;57
16/12/2024 6:30;50
16/12/2024 6:30;64
16/12/2024 6:30;74
16/12/2024 6:30;97
16/12/2024 6:50;72
16/12/2024 7:00;145
16/12/2024 7:15;67
16/12/2024 7:15;76
16/12/2024 7:20;61
16/12/2024 7:30;69
16/12/2024 7:30;82
16/12/2024 7:30;84
16/12/2024 7:45;67
16/12/2024 7:50;78
16/12/2024 8:00 a. m.;63
16/12/2024 8:00;64
16/12/2024 8:15;60
16/12/2024 8:15;62
16/12/2024 8:30;64
16/12/2024 8:30;76
16/12/2024 8:30;97
16/12/2024 8:45;64
16/12/2024 8:45;65
16/12/2024 8:50;66
16/12/2024 9:00;67
16/12/2024 9:00;80
16/12/2024 9:00;81
16/12/2024 9:15;68
16/12/2024 9:15;75
16/12/2024 9:20;69
16/12/2024 9:30;57
16/12/2024 9:30;111
16/12/2024 9:40;64
16/12/2024 10:00;51
16/12/2024 10:00;60
16/12/2024 10:00;75
16/12/2024 10:15;70
16/12/2024 10:30;65
16/12/2024 10:30;65
16/12/2024 10:30;73
16/12/2024 10:40;74
16/12/2024 11:00;58
16/12/2024 11:00;110
16/12/2024 11:15;62
16/12/2024 11:20;64
16/12/2024 11:40;73
16/12/2024 12:00;52
16/12/2024 12:00;66
16/12/2024 12:00;81
16/12/2024 12:00;84
16/12/2024 12:30;180
16/12/2024 12:50;60
16/12/2024 13:00;56
16/12/2024 13:00;64
16/12/2024 13:00;74
16/12/2024 13:00;80
16/12/2024 13:00;83
16/12/2024 13:30;64
16/12/2024 13:30;70
16/12/2024 13:40;71
16/12/2024 13:45;72
16/12/2024 14:00;62
16/12/2024 14:00;85
16/12/2024 14:00;116
16/12/2024 14:00;361
16/12/2024 14:30;64
16/12/2024 14:30;68
16/12/2024 14:30;83
16/12/2024 14:45;65
16/12/2024 15:00;66
16/12/2024 15:00;76
16/12/2024 15:00;102
16/12/2024 15:30;62
16/12/2024 15:30;64
16/12/2024 15:30;65
16/12/2024 15:45;57
16/12/2024 15:50;71
16/12/2024 16:00;49
16/12/2024 16:00;64
16/12/2024 16:00;95
16/12/2024 16:30;71
16/12/2024 16:30;106
16/12/2024 17:00;50
16/12/2024 17:00;72
16/12/2024 17:00;74
16/12/2024 17:00;79
16/12/2024 17:15;65
16/12/2024 17:20;75
16/12/2024 17:30;56
16/12/2024 17:30;66
16/12/2024 17:30;70
16/12/2024 17:30;94
16/12/2024 17:45;55
16/12/2024 17:50;59
16/12/2024 17:50;70
16/12/2024 18:00;58
16/12/2024 18:00;69
16/12/2024 18:00;70
16/12/2024 18:00;91
16/12/2024 18:15;66
16/12/2024 18:30;54
16/12/2024 18:30;77
16/12/2024 18:30;90
16/12/2024 18:50;76
16/12/2024 19:00;62
16/12/2024 19:00;73
16/12/2024 19:00;144
16/12/2024 19:20;68
16/12/2024 19:30;79
16/12/2024 19:45;64
16/12/2024 20:00;96
16/12/2024 20:30;55
16/12/2024 20:30;57
16/12/2024 20:30;79
16/12/2024 20:30;83
16/12/2024 21:00;70
16/12/2024 21:00;102
17/12/2024 4:00;65
17/12/2024 4:30 a. m.;63
17/12/2024 5:00;60
17/12/2024 5:00;65
17/12/2024 5:00;66
17/12/2024 5:20;67
17/12/2024 5:40;64
17/12/2024 5:40;85
17/12/2024 6:00;71
17/12/2024 6:00;81
17/12/2024 6:00;90
17/12/2024 6:10 a. m.;63
17/12/2024 6:30;60
17/12/2024 6:30;68
17/12/2024 6:30;78
17/12/2024 7:00;65
17/12/2024 7:00;86
17/12/2024 7:00;93
17/12/2024 7:00;94
17/12/2024 7:30;70
17/12/2024 7:30;77
17/12/2024 7:30;77
17/12/2024 7:30;77
17/12/2024 8:00;56
17/12/2024 8:00;57
17/12/2024 8:00;71
17/12/2024 8:00;73
17/12/2024 8:00;85
17/12/2024 8:30;58
17/12/2024 8:30;60
17/12/2024 8:30;73
17/12/2024 8:30;99
17/12/2024 8:45;76
17/12/2024 9:00;66
17/12/2024 9:20;69
17/12/2024 9:25;68
17/12/2024 9:40;57
17/12/2024 9:40;65
17/12/2024 9:45;73
17/12/2024 10:00;55
17/12/2024 10:00;96
17/12/2024 10:10;60
17/12/2024 10:20;57
17/12/2024 10:30;64
17/12/2024 10:30;73
17/12/2024 10:35;69
17/12/2024 10:45;58
17/12/2024 10:50;64
17/12/2024 11:15;62
17/12/2024 11:15;64
17/12/2024 11:15;92
17/12/2024 11:30;96
17/12/2024 11:50;70
17/12/2024 11:50;74
17/12/2024 12:00;52
17/12/2024 12:10;70
17/12/2024 12:30;58
17/12/2024 12:40;70
17/12/2024 12:45;61
17/12/2024 13:00;72
17/12/2024 13:20;71
17/12/2024 13:45;60
17/12/2024 14:00;87
17/12/2024 14:10;66
17/12/2024 14:30;64
17/12/2024 14:30;70
17/12/2024 14:30;79
17/12/2024 14:30;92
17/12/2024 14:45;67
17/12/2024 15:00;76
17/12/2024 15:00;81
17/12/2024 3:30 p. m.;63
17/12/2024 15:30;97
17/12/2024 15:45;65
17/12/2024 15:50;58
17/12/2024 16:00;68
17/12/2024 16:20;74
17/12/2024 16:30;59
17/12/2024 16:30;62
17/12/2024 16:30;68
17/12/2024 16:30;85
17/12/2024 16:45;69
17/12/2024 17:00;68
17/12/2024 17:00;70
17/12/2024 17:00;72
17/12/2024 17:00;102
17/12/2024 17:00;105
17/12/2024 17:20;51
17/12/2024 17:30;76
17/12/2024 17:40;68
17/12/2024 17:40;75
17/12/2024 17:45;64
17/12/2024 18:00;62
17/12/2024 18:10;74
17/12/2024 18:15;82
17/12/2024 18:20;75
17/12/2024 18:30;67
17/12/2024 19:00;61
17/12/2024 19:00;71
17/12/2024 19:00;79
17/12/2024 19:30;88
17/12/2024 19:40;73
17/12/2024 20:00;54
17/12/2024 20:00;62
17/12/2024 20:30;56
17/12/2024 20:50;64
18/12/2024 5:00;45
18/12/2024 5:30;37
18/12/2024 5:40;86
18/12/2024 5:50;69
18/12/2024 6:00;74
18/12/2024 6:00;103
18/12/2024 6:15;68
18/12/2024 6:30;66
18/12/2024 6:50;61
18/12/2024 6:50 a. m.;63
18/12/2024 7:00;50
18/12/2024 7:00;56
18/12/2024 7:10;60
18/12/2024 7:20;68
18/12/2024 7:30;83
18/12/2024 7:50;52
18/12/2024 8:00;56
18/12/2024 8:00;58
18/12/2024 8:00;75
18/12/2024 8:10;69
18/12/2024 8:15;65
18/12/2024 8:30;82
18/12/2024 8:35;64
18/12/2024 8:40;66
18/12/2024 8:50;68
18/12/2024 9:00;65
18/12/2024 9:00;80
18/12/2024 9:30;105
18/12/2024 9:40;70
18/12/2024 9:50;55
18/12/2024 9:50;67
18/12/2024 10:00;113
18/12/2024 10:20;68
18/12/2024 10:20;90
18/12/2024 10:30;58
18/12/2024 10:40;72
18/12/2024 11:00;24
18/12/2024 11:00;111
18/12/2024 11:10;58
18/12/2024 11:15;59
18/12/2024 11:30;67
18/12/2024 11:40;72
18/12/2024 11:45;72
18/12/2024 12:00;40
18/12/2024 12:00;71
18/12/2024 12:00;73
18/12/2024 12:30;59
18/12/2024 12:40;59
18/12/2024 13:00;55
18/12/2024 13:15;67
18/12/2024 13:30;59
18/12/2024 13:40;74
18/12/2024 14:00;56
18/12/2024 14:00;67
18/12/2024 14:00;86
18/12/2024 14:00;110
18/12/2024 14:30;65
18/12/2024 14:30;80
18/12/2024 14:40;81
18/12/2024 14:50;65
18/12/2024 15:00;65
18/12/2024 15:00;68
18/12/2024 15:00;83
18/12/2024 15:00;145
18/12/2024 3:15 p. m.;63
18/12/2024 15:20;64
18/12/2024 15:30;62
18/12/2024 15:30;76
18/12/2024 15:30;98
18/12/2024 16:00;72
18/12/2024 16:00;119
18/12/2024 16:30;67
18/12/2024 16:30;76
18/12/2024 16:30;102
18/12/2024 17:00;62
18/12/2024 17:00;74
18/12/2024 17:00;79
18/12/2024 17:15;90
18/12/2024 17:20;65
18/12/2024 17:30;67
18/12/2024 17:30;79
18/12/2024 18:00;67
18/12/2024 18:00;87
18/12/2024 18:00;93
18/12/2024 18:15;83
18/12/2024 18:20;62
18/12/2024 18:30;80
18/12/2024 19:00;57
18/12/2024 19:00;68
18/12/2024 19:20;56
18/12/2024 19:30;82
18/12/2024 19:40;62
18/12/2024 20:15;57
18/12/2024 20:40;65
18/12/2024 21:30;72
18/12/2024 21:45;65
19/12/2024 5:00;68
19/12/2024 5:40;86
19/12/2024 5:45;59
19/12/2024 6:00;59
19/12/2024 6:00;62
19/12/2024 6:00;92
19/12/2024 6:30;57
19/12/2024 6:45;69
19/12/2024 7:00;75
19/12/2024 7:15;78
19/12/2024 7:30;68
19/12/2024 7:30;78
19/12/2024 7:30;88
19/12/2024 7:30;90
19/12/2024 7:35;82
19/12/2024 8:00;58
19/12/2024 8:00;68
19/12/2024 8:00;76
19/12/2024 8:00;83
19/12/2024 8:30;65
19/12/2024 8:30;93
19/12/2024 8:35;55
19/12/2024 8:40;64
19/12/2024 8:55;66
19/12/2024 9:00;59
19/12/2024 9:00;66
19/12/2024 9:00;72
19/12/2024 9:30;67
19/12/2024 9:30;73
19/12/2024 9:30;97
19/12/2024 9:30;126
19/12/2024 10:00;57
19/12/2024 10:00;81
19/12/2024 10:00;84
19/12/2024 10:10;64
19/12/2024 10:15;66
19/12/2024 10:30 a. m.;63
19/12/2024 10:30;66
19/12/2024 10:45;62
19/12/2024 10:50;80
19/12/2024 11:00;61
19/12/2024 11:00;64
19/12/2024 11:00;87
19/12/2024 11:00;119
19/12/2024 11:20;62
19/12/2024 11:30;74
19/12/2024 12:00;62
19/12/2024 12:00;65
19/12/2024 12:00;90
19/12/2024 12:45;64
19/12/2024 12:50;68
19/12/2024 13:00;75
19/12/2024 13:15;64
19/12/2024 13:30;82
19/12/2024 13:30;87
19/12/2024 13:40;61
19/12/2024 13:50;69
19/12/2024 14:00;57
19/12/2024 14:00;81
19/12/2024 14:30;74
19/12/2024 14:30;80
19/12/2024 14:30;88
19/12/2024 14:50;67
19/12/2024 15:00;75
19/12/2024 15:30;52
19/12/2024 15:30;58
19/12/2024 15:30;69
19/12/2024 15:30;69
19/12/2024 15:30;96
19/12/2024 15:45;64
19/12/2024 16:00;62
19/12/2024 4:30 p. m.;63
19/12/2024 16:30;66
19/12/2024 16:30;88
19/12/2024 16:50;64
19/12/2024 17:00;54
19/12/2024 17:00;75
19/12/2024 17:00;84
19/12/2024 17:00;100
19/12/2024 17:00;103
19/12/2024 17:00;195
19/12/2024 17:30;79
19/12/2024 17:30;99
19/12/2024 18:00;72
19/12/2024 18:00;79
19/12/2024 18:15;60
19/12/2024 18:30;70
19/12/2024 19:00;83
19/12/2024 19:00;93
19/12/2024 19:10;79
19/12/2024 19:15;81
19/12/2024 19:30;88
19/12/2024 19:50;71
19/12/2024 20:25;68
19/12/2024 21:20;72
19/12/2024 22:30;45
19/12/2024 22:30;68
20/12/2024 4:45;62
20/12/2024 5:00;57
20/12/2024 5:00;67
20/12/2024 5:40;81
20/12/2024 5:50 a. m.;63
20/12/2024 6:00;85
20/12/2024 6:15;61
20/12/2024 6:20;67
20/12/2024 6:30;74
20/12/2024 6:40;59
20/12/2024 6:55;60
20/12/2024 7:00;82
20/12/2024 7:20;73
20/12/2024 7:30;73
20/12/2024 7:30;75
20/12/2024 7:50;60
20/12/2024 8:00;58
20/12/2024 8:00;66
20/12/2024 8:00;75
20/12/2024 8:00;82
20/12/2024 8:00;90
20/12/2024 8:10;66
20/12/2024 8:30;71
20/12/2024 8:40;60
20/12/2024 8:40;64
20/12/2024 9:00;64
20/12/2024 9:00;95
20/12/2024 9:20;62
20/12/2024 9:20;71
20/12/2024 9:20;73
20/12/2024 9:30;58
20/12/2024 9:30;65
20/12/2024 9:30;66
20/12/2024 9:30;68
20/12/2024 9:35;72
20/12/2024 9:55;60
20/12/2024 10:00;114
20/12/2024 10:15;60
20/12/2024 10:15 a. m.;63
20/12/2024 10:20;91
20/12/2024 10:30;64
20/12/2024 10:50;62
20/12/2024 11:00;57
20/12/2024 11:00;62
20/12/2024 11:00;78
20/12/2024 11:00;148
20/12/2024 11:15;69
20/12/2024 11:40;68
20/12/2024 11:45;62
20/12/2024 12:00;64
20/12/2024 12:20;78
20/12/2024 12:30;77
20/12/2024 12:30;95
20/12/2024 12:35;61
20/12/2024 12:45;68
20/12/2024 12:50;67
20/12/2024 13:00;87
20/12/2024 13:10;71
20/12/2024 13:20;85
20/12/2024 13:30;77
20/12/2024 13:45;65
20/12/2024 13:50;82
20/12/2024 14:10;66
20/12/2024 14:15;35
20/12/2024 14:20;76
20/12/2024 14:30;55
20/12/2024 14:30;80
20/12/2024 14:30;87
20/12/2024 14:30;94
20/12/2024 14:45;72
20/12/2024 15:00;53
20/12/2024 15:00;57
20/12/2024 15:00;64
20/12/2024 15:00;65
20/12/2024 15:15;60
20/12/2024 15:15;82
20/12/2024 15:20;62
20/12/2024 15:30;76
20/12/2024 15:30;111
20/12/2024 15:45;59
20/12/2024 15:45;65
20/12/2024 3:50 p. m.;63
20/12/2024 15:50;73
20/12/2024 16:00;62
20/12/2024 16:00;68
20/12/2024 16:00;75
20/12/2024 16:00;98
20/12/2024 16:20;60
20/12/2024 16:30;77
20/12/2024 16:30;78
20/12/2024 16:30;116
20/12/2024 16:35;72
20/12/2024 16:40;76
20/12/2024 17:00;64
20/12/2024 17:00;77
20/12/2024 17:00;84
20/12/2024 17:00;93
20/12/2024 17:10;84
20/12/2024 17:15;101
20/12/2024 5:30 p. m.;63
20/12/2024 17:30;76
20/12/2024 17:30;86
20/12/2024 17:30;103
20/12/2024 17:40;76
20/12/2024 18:00;80
20/12/2024 18:00;91
20/12/2024 18:10;72
20/12/2024 18:30;62
20/12/2024 6:30 p. m.;63
20/12/2024 18:30;89
20/12/2024 18:40;68
20/12/2024 18:40;70
20/12/2024 19:00;65
20/12/2024 19:00;72
20/12/2024 19:10;62
20/12/2024 19:30;59
20/12/2024 19:30;72
20/12/2024 19:35;90
20/12/2024 20:00;78
20/12/2024 20:20;68
20/12/2024 21:10;58
20/12/2024 21:10;59
21/12/2024 4:50;68
21/12/2024 5:00;59
21/12/2024 5:40;70
21/12/2024 5:50 a. m.;63
21/12/2024 6:00;64
21/12/2024 6:00;106
21/12/2024 6:30;61
21/12/2024 6:30;72
21/12/2024 7:00;68
21/12/2024 7:00;69
21/12/2024 7:00;108
21/12/2024 7:10;62
21/12/2024 7:15;60
21/12/2024 7:30;64
21/12/2024 7:30;74
21/12/2024 7:30;76
21/12/2024 7:30;78
21/12/2024 7:30;78
21/12/2024 7:30;79
21/12/2024 8:00;57
21/12/2024 8:00;60
21/12/2024 8:00 a. m.;63
21/12/2024 8:00;73
21/12/2024 8:15 a. m.;63
21/12/2024 8:15;94
21/12/2024 8:20;61
21/12/2024 8:20 a. m.;63
21/12/2024 8:30;74
21/12/2024 8:30;91
21/12/2024 8:40;76
21/12/2024 9:00;66
21/12/2024 9:00;69
21/12/2024 9:00;72
21/12/2024 9:00;160
21/12/2024 9:10;67
21/12/2024 9:10;67
21/12/2024 9:20;61
21/12/2024 9:20;75
21/12/2024 9:30;87
21/12/2024 9:40;59
21/12/2024 9:45;61
21/12/2024 10:00;56
21/12/2024 10:00;70
21/12/2024 10:00;83
21/12/2024 10:00;104
21/12/2024 10:15;108
21/12/2024 10:40;58
21/12/2024 10:40;73
21/12/2024 11:00;66
21/12/2024 11:00;78
21/12/2024 11:15;69
21/12/2024 11:20;65
21/12/2024 11:20;80
21/12/2024 11:30;64
21/12/2024 11:30;72
21/12/2024 11:30;100
21/12/2024 11:40;77
21/12/2024 12:00;59
21/12/2024 12:00;61
21/12/2024 12:00;62
21/12/2024 12:00;71
21/12/2024 12:00;79
21/12/2024 12:00;93
21/12/2024 12:15;71
21/12/2024 12:30;56
21/12/2024 12:30;77
21/12/2024 12:30;108
21/12/2024 12:40 p. m.;63
21/12/2024 12:45;59
21/12/2024 12:50;85
21/12/2024 13:00;64
21/12/2024 13:00;66
21/12/2024 13:00;83
21/12/2024 13:30;75
21/12/2024 13:30;83
21/12/2024 13:30;100
21/12/2024 13:30;106
21/12/2024 13:30;108
21/12/2024 13:40;82
21/12/2024 2:00 p. m.;63
21/12/2024 14:00;75
21/12/2024 14:00;81
21/12/2024 14:25;90
21/12/2024 14:30;65
21/12/2024 14:30;93
21/12/2024 14:45;65
21/12/2024 14:45;74
21/12/2024 14:45;78
21/12/2024 15:00;68
21/12/2024 15:00;74
21/12/2024 15:00;81
21/12/2024 15:15;80
21/12/2024 15:20;71
21/12/2024 15:20;74
21/12/2024 15:30;65
21/12/2024 15:30;68
21/12/2024 15:30;73
21/12/2024 15:30;91
21/12/2024 15:50;65
21/12/2024 16:00;59
21/12/2024 16:00;69
21/12/2024 16:15;60
21/12/2024 16:30;59
21/12/2024 16:30;91
21/12/2024 17:00;59
21/12/2024 17:00;60
21/12/2024 17:00;64
21/12/2024 17:00;80
21/12/2024 17:00;105
21/12/2024 17:15;53
21/12/2024 17:15;81
21/12/2024 17:20;60
21/12/2024 17:20;74
21/12/2024 17:30;51
21/12/2024 17:35;73
21/12/2024 18:00;59
21/12/2024 18:00;60
21/12/2024 18:00;72
21/12/2024 18:00;82
21/12/2024 18:00;85
21/12/2024 18:00;92
21/12/2024 18:00;100
21/12/2024 6:20 p. m.;63
21/12/2024 18:30;68
21/12/2024 18:30;74
21/12/2024 18:30;76
21/12/2024 18:30;91
21/12/2024 19:00;60
21/12/2024 19:00;66
21/12/2024 19:00;78
21/12/2024 19:00;80
21/12/2024 19:15;83
21/12/2024 19:30;70
21/12/2024 19:30;79
21/12/2024 19:30;84
21/12/2024 19:30;108
21/12/2024 20:00;54
21/12/2024 20:00;80
21/12/2024 20:00;90
21/12/2024 20:00;102
21/12/2024 20:30;51
21/12/2024 20:30;77
21/12/2024 21:00;56
21/12/2024 21:00;58
21/12/2024 21:00;103
21/12/2024 22:00;66
22/12/2024 5:40;99
22/12/2024 6:20;55
22/12/2024 7:00;49
22/12/2024 7:00;72
22/12/2024 7:00;75
22/12/2024 7:15;83
22/12/2024 7:20;121
22/12/2024 7:30;88
22/12/2024 7:50;59
22/12/2024 8:00;74
22/12/2024 8:00;79
22/12/2024 8:30;52
22/12/2024 8:30;59
22/12/2024 8:30;68
22/12/2024 9:00;62
22/12/2024 9:15;62
22/12/2024 9:30;65
22/12/2024 9:30;103
22/12/2024 9:35;64
22/12/2024 9:45;64
22/12/2024 9:50;59
22/12/2024 10:00;67
22/12/2024 10:00;69
22/12/2024 10:00;72
22/12/2024 10:15;84
22/12/2024 10:30;80
22/12/2024 10:30;80
22/12/2024 10:30;140
22/12/2024 10:30;154
22/12/2024 10:40;53
22/12/2024 10:45;73
22/12/2024 11:00;62
22/12/2024 11:10;60
22/12/2024 11:20;65
22/12/2024 11:30 a. m.;63
22/12/2024 11:30;88
22/12/2024 11:40;68
22/12/2024 11:50;67
22/12/2024 11:50;80
22/12/2024 12:15;79
22/12/2024 12:20;62
22/12/2024 12:30;55
22/12/2024 12:30;69
22/12/2024 12:40;80
22/12/2024 12:45;64
22/12/2024 13:00;66
22/12/2024 13:00;80
22/12/2024 13:30;56
22/12/2024 13:30;68
22/12/2024 13:30;72
22/12/2024 13:30;79
22/12/2024 13:30;88
22/12/2024 13:50;61
22/12/2024 14:00;56
22/12/2024 14:00;61
22/12/2024 14:00;78
22/12/2024 14:00;102
22/12/2024 14:10;65
22/12/2024 14:20;70
22/12/2024 14:20;84
22/12/2024 14:30;71
22/12/2024 14:30;76
22/12/2024 14:30;88
22/12/2024 15:00;55
22/12/2024 15:00;66
22/12/2024 15:00;69
22/12/2024 15:00;110
22/12/2024 3:10 p. m.;63
22/12/2024 15:10;65
22/12/2024 15:10;73
22/12/2024 3:30 p. m.;63
22/12/2024 15:30;71
22/12/2024 15:30;73
22/12/2024 15:30;81
22/12/2024 15:30;82
22/12/2024 15:50;62
22/12/2024 15:50;70
22/12/2024 16:00;72
22/12/2024 16:00;73
22/12/2024 16:00;93
22/12/2024 16:20;56
22/12/2024 4:30 p. m.;63
22/12/2024 16:30;81
22/12/2024 16:40;84
22/12/2024 17:00;75
22/12/2024 17:00;85
22/12/2024 17:00;86
22/12/2024 17:00;102
22/12/2024 17:20;91
22/12/2024 5:30 p. m.;63
22/12/2024 5:30 p. m.;63
22/12/2024 17:30;90
22/12/2024 18:00;71
22/12/2024 18:20;73
22/12/2024 18:20;95
22/12/2024 6:30 p. m.;63
22/12/2024 18:30;75
22/12/2024 18:45;68
22/12/2024 19:00;66
22/12/2024 19:10;58
22/12/2024 19:20;62
22/12/2024 19:20;72
22/12/2024 19:45;80
22/12/2024 8:00 p. m.;63
22/12/2024 21:00;60
22/12/2024 21:00;69
23/12/2024 4:00;91
23/12/2024 4:30;71
23/12/2024 5:00;59
23/12/2024 5:00 a. m.;63
23/12/2024 5:00;68
23/12/2024 5:30 a. m.;63
23/12/2024 5:35;71
23/12/2024 5:55;64
23/12/2024 6:00;61
23/12/2024 6:00;62
23/12/2024 6:00;81
23/12/2024 6:00;102
23/12/2024 6:10;60
23/12/2024 6:30;70
23/12/2024 6:30;74
23/12/2024 7:00;56
23/12/2024 7:00;65
23/12/2024 7:10;68
23/12/2024 7:10;72
23/12/2024 7:20;57
23/12/2024 7:20;68
23/12/2024 7:30;78
23/12/2024 7:40;65
23/12/2024 7:40;72
23/12/2024 7:45;66
23/12/2024 8:00;61
23/12/2024 8:00;65
23/12/2024 8:00;68
23/12/2024 8:00;73
23/12/2024 8:30;64
23/12/2024 8:30;77
23/12/2024 8:40;59
23/12/2024 8:40;64
23/12/2024 8:40;65
23/12/2024 8:40;77
23/12/2024 9:00;61
23/12/2024 9:00;66
23/12/2024 9:00;72
23/12/2024 9:00;78
23/12/2024 9:10;74
23/12/2024 9:20 a. m.;63
23/12/2024 9:20;79
23/12/2024 9:30;74
23/12/2024 9:30;74
23/12/2024 9:30;93
23/12/2024 9:50;67
23/12/2024 10:00;59
23/12/2024 10:00;65
23/12/2024 10:10;62
23/12/2024 10:20;61
23/12/2024 10:30;83
23/12/2024 10:30;90
23/12/2024 10:45;68
23/12/2024 10:50;61
23/12/2024 10:50 a. m.;63
23/12/2024 10:50;95
23/12/2024 11:10;74
23/12/2024 11:10;74
23/12/2024 11:15;68
23/12/2024 11:20;64
23/12/2024 11:40 a. m.;63
23/12/2024 11:45;72
23/12/2024 11:50;57
23/12/2024 12:00;71
23/12/2024 12:00;87
23/12/2024 12:00;139
23/12/2024 12:05;82
23/12/2024 12:15;82
23/12/2024 12:30;75
23/12/2024 12:30;79
23/12/2024 12:30;80
23/12/2024 12:30;81
23/12/2024 12:45;80
23/12/2024 12:50;79
23/12/2024 1:00 p. m.;63
23/12/2024 13:00;64
23/12/2024 13:00;77
23/12/2024 13:00;77
23/12/2024 13:30;75
23/12/2024 13:30;82
23/12/2024 13:30;87
23/12/2024 13:30;115
23/12/2024 13:45;73
23/12/2024 13:50;82
23/12/2024 14:00;134
23/12/2024 14:00;135
23/12/2024 14:00;141
23/12/2024 14:15;112
23/12/2024 14:40;87
23/12/2024 15:00;89
23/12/2024 15:00;126
23/12/2024 15:00;137
23/12/2024 15:10;85
23/12/2024 15:15;82
23/12/2024 15:20;71
23/12/2024 15:20;78
23/12/2024 15:30;75
23/12/2024 15:30;77
23/12/2024 15:40;62
23/12/2024 15:40;76
23/12/2024 15:50;64
23/12/2024 15:50;70
23/12/2024 15:50;72
23/12/2024 16:00;60
23/12/2024 16:00;137
23/12/2024 16:10;81
23/12/2024 16:15;152
23/12/2024 16:30;53
23/12/2024 16:30;70
23/12/2024 16:30;82
23/12/2024 17:00;61
23/12/2024 17:00;85
23/12/2024 17:15;72
23/12/2024 17:15;75
23/12/2024 17:15;81
23/12/2024 17:20;89
23/12/2024 17:30;60
23/12/2024 17:30;69
23/12/2024 17:30;82
23/12/2024 17:30;100
23/12/2024 17:40;72
23/12/2024 18:00;73
23/12/2024 18:00;77
23/12/2024 18:00;105
23/12/2024 18:10;71
23/12/2024 18:30;64
23/12/2024 18:30;148
23/12/2024 18:40;85
23/12/2024 18:45;68
23/12/2024 19:00;71
23/12/2024 19:00;117
23/12/2024 19:15;69
23/12/2024 19:15;122
23/12/2024 19:30;79
23/12/2024 19:45;74
23/12/2024 20:00;104
23/12/2024 20:20;62
23/12/2024 21:00;44
23/12/2024 9:00 p. m.;63
23/12/2024 21:00;79
23/12/2024 21:45;64
24/12/2024 3:45;68
24/12/2024 5:00;60
24/12/2024 5:00;64
24/12/2024 5:00;99
24/12/2024 5:30;67
24/12/2024 5:40;77
24/12/2024 5:40;129
24/12/2024 6:00;81
24/12/2024 6:20;62
24/12/2024 6:40;58
24/12/2024 6:45;72
24/12/2024 6:50;65
24/12/2024 7:15;73
24/12/2024 7:30;64
24/12/2024 7:45;62
24/12/2024 7:50;62
24/12/2024 8:00;29
24/12/2024 8:00;67
24/12/2024 8:00;79
24/12/2024 8:30;58
24/12/2024 8:30 a. m.;63
24/12/2024 8:30;76
24/12/2024 8:40;59
24/12/2024 8:45;70
24/12/2024 9:00;75
24/12/2024 9:00;92
24/12/2024 9:30;75
24/12/2024 9:30;84
24/12/2024 10:00;62
24/12/2024 10:20;57
24/12/2024 10:30;61
24/12/2024 10:30;67
24/12/2024 10:40;72
24/12/2024 10:50 a. m.;63
24/12/2024 11:00;58
24/12/2024 11:00;81
24/12/2024 11:00;86
24/12/2024 11:15;61
24/12/2024 11:15;62
24/12/2024 11:20;68
24/12/2024 11:30;60
24/12/2024 11:30;70
24/12/2024 11:40;74
24/12/2024 11:45;57
24/12/2024 11:45;83
24/12/2024 12:00;62
24/12/2024 12:00;71
24/12/2024 12:00;74
24/12/2024 12:00;80
24/12/2024 12:15;62
24/12/2024 12:30;67
24/12/2024 12:30;85
24/12/2024 12:50;67
24/12/2024 12:50;70
24/12/2024 13:00;77
24/12/2024 13:10;62
24/12/2024 13:15;67
24/12/2024 1:30 p. m.;63
24/12/2024 13:30;64
24/12/2024 13:30;98
24/12/2024 13:40;67
24/12/2024 13:40;68
24/12/2024 13:50;60
24/12/2024 14:00;52
24/12/2024 14:00;58
24/12/2024 14:00;74
24/12/2024 14:00;121
24/12/2024 14:30;56
24/12/2024 14:30;59
24/12/2024 14:30;79
24/12/2024 14:30;79
24/12/2024 14:50;65
24/12/2024 15:00;61
24/12/2024 15:00;74
24/12/2024 15:00;81
24/12/2024 15:00;101
24/12/2024 15:30;73
24/12/2024 15:30;74
24/12/2024 15:30;76
24/12/2024 15:30;87
24/12/2024 15:45;68
24/12/2024 16:00;62
24/12/2024 16:00;87
24/12/2024 16:00;91
24/12/2024 16:00;103
24/12/2024 16:10;75
24/12/2024 16:30;98
24/12/2024 16:30;109
24/12/2024 16:40;25
24/12/2024 16:50;66
24/12/2024 17:00;66
24/12/2024 17:00;80
24/12/2024 17:30;51
24/12/2024 17:30;66
24/12/2024 17:30;73
24/12/2024 17:30;74
24/12/2024 17:30;91
24/12/2024 5:50 p. m.;63
24/12/2024 18:00;99
24/12/2024 18:10;67
24/12/2024 6:30 p. m.;63
24/12/2024 18:30;70
24/12/2024 18:30;78
24/12/2024 18:30;89
24/12/2024 19:00;83
24/12/2024 19:10;67
24/12/2024 19:30;88
24/12/2024 20:30;89
25/12/2024 6:00;67
25/12/2024 6:00;71
25/12/2024 6:10;60
25/12/2024 7:00;81
25/12/2024 8:00;54
25/12/2024 8:00;71
25/12/2024 8:00;78
25/12/2024 8:15 a. m.;63
25/12/2024 8:20;61
25/12/2024 8:30;72
25/12/2024 9:00;166
25/12/2024 9:20;66
25/12/2024 9:30;71
25/12/2024 10:20;61
25/12/2024 10:30;70
25/12/2024 10:40;69
25/12/2024 11:00;59
25/12/2024 11:00;70
25/12/2024 11:30;57
25/12/2024 11:30;69
25/12/2024 11:30;76
25/12/2024 12:00;69
25/12/2024 12:00;76
25/12/2024 12:30;66
25/12/2024 12:30;76
25/12/2024 12:40 p. m.;63
25/12/2024 13:00;58
25/12/2024 13:00;70
25/12/2024 13:00;80
25/12/2024 13:20;69
25/12/2024 14:00;59
25/12/2024 14:00;81
25/12/2024 14:00;82
25/12/2024 14:30;66
25/12/2024 14:30;72
25/12/2024 14:40;67
25/12/2024 15:00;61
25/12/2024 15:00;64
25/12/2024 15:00;76
25/12/2024 3:30 p. m.;63
25/12/2024 15:30;68
25/12/2024 15:30;70
25/12/2024 15:30;81
25/12/2024 15:30;82
25/12/2024 15:30;83
25/12/2024 15:40;51
25/12/2024 15:45;60
25/12/2024 15:45;62
25/12/2024 4:00 p. m.;63
25/12/2024 16:10;70
25/12/2024 16:15;67
25/12/2024 16:30;60
25/12/2024 16:30;77
25/12/2024 16:45;68
25/12/2024 17:00;72
25/12/2024 17:00;77
25/12/2024 17:10;72
25/12/2024 17:20;71
25/12/2024 17:30;78
25/12/2024 17:30;92
25/12/2024 18:00;57
25/12/2024 18:00;58
25/12/2024 18:00;77
25/12/2024 18:00;104
25/12/2024 18:20;81
25/12/2024 18:30;118
25/12/2024 18:40;85
25/12/2024 19:00;84
25/12/2024 19:00;88
25/12/2024 19:00;95
25/12/2024 19:00;98
25/12/2024 19:30;82
25/12/2024 20:00;212
25/12/2024 20:10;85
25/12/2024 20:45;71
26/12/2024 4:30;74
26/12/2024 5:00 a. m.;63
26/12/2024 5:00;72
26/12/2024 5:00;75
26/12/2024 5:00;123
26/12/2024 5:15;61
26/12/2024 5:15;120
26/12/2024 5:25;65
26/12/2024 6:00;60
26/12/2024 6:00;85
26/12/2024 6:15;62
26/12/2024 6:30;66
26/12/2024 6:45;59
26/12/2024 6:50;65
26/12/2024 7:00 a. m.;63
26/12/2024 7:00;70
26/12/2024 7:00;77
26/12/2024 7:10;73
26/12/2024 7:15 a. m.;63
26/12/2024 7:15;69
26/12/2024 7:30;66
26/12/2024 7:40;61
26/12/2024 7:45;56
26/12/2024 7:45;68
26/12/2024 7:50;77
26/12/2024 8:00;64
26/12/2024 8:10;62
26/12/2024 8:20 a. m.;63
26/12/2024 8:20;128
26/12/2024 8:30;73
26/12/2024 8:30;75
26/12/2024 8:45;70
26/12/2024 9:00;59
26/12/2024 9:00;69
26/12/2024 9:00;71
26/12/2024 9:00;116
26/12/2024 9:20;58
26/12/2024 9:30;56
26/12/2024 9:30;66
26/12/2024 9:40;90
26/12/2024 10:00;60
26/12/2024 10:00;60
26/12/2024 10:00;73
26/12/2024 10:00;134
26/12/2024 10:00;134
26/12/2024 10:15;79
26/12/2024 10:20;73
26/12/2024 10:30;67
26/12/2024 10:30;75
26/12/2024 10:40;66
26/12/2024 11:00;59
26/12/2024 11:00 a. m.;63
26/12/2024 11:00;71
26/12/2024 11:00;127
26/12/2024 11:10;64
26/12/2024 11:20;56
26/12/2024 11:20 a. m.;63
26/12/2024 11:20;69
26/12/2024 11:20;78
26/12/2024 11:30;76
26/12/2024 11:40;66
26/12/2024 11:40;81
26/12/2024 12:00;54
26/12/2024 12:00;61
26/12/2024 12:00;70
26/12/2024 12:00;77
26/12/2024 12:00;88
26/12/2024 12:15;66
26/12/2024 12:35;64
26/12/2024 13:00;60
26/12/2024 13:00;73
26/12/2024 13:00;89
26/12/2024 13:20;64
26/12/2024 13:30;67
26/12/2024 13:30;73
26/12/2024 13:30;87
26/12/2024 13:50;69
26/12/2024 14:00;64
26/12/2024 14:00;66
26/12/2024 14:00;72
26/12/2024 14:00;74
26/12/2024 14:00;120
26/12/2024 14:00;123
26/12/2024 14:30;52
26/12/2024 14:30;64
26/12/2024 14:30;85
26/12/2024 14:30;85
26/12/2024 14:50;73
26/12/2024 3:00 p. m.;63
26/12/2024 15:00;65
26/12/2024 15:00;70
26/12/2024 15:00;73
26/12/2024 15:10;78
26/12/2024 15:15;97
26/12/2024 15:20;72
26/12/2024 15:30;67
26/12/2024 15:30;69
26/12/2024 15:30;71
26/12/2024 15:30;83
26/12/2024 15:50;61
26/12/2024 16:00;71
26/12/2024 16:00;94
26/12/2024 16:10;82
26/12/2024 16:30;60
26/12/2024 16:30;76
26/12/2024 16:30;85
26/12/2024 16:45;72
26/12/2024 17:00;64
26/12/2024 17:00;73
26/12/2024 17:00;78
26/12/2024 17:00;103
26/12/2024 17:10;81
26/12/2024 17:30;77
26/12/2024 17:30;78
26/12/2024 17:30;90
26/12/2024 17:30;101
26/12/2024 18:00;74
26/12/2024 18:00;81
26/12/2024 18:00;99
26/12/2024 18:00;105
26/12/2024 18:15;59
26/12/2024 18:20;73
26/12/2024 18:30;84
26/12/2024 18:30;93
26/12/2024 19:00;46
26/12/2024 19:00;105
26/12/2024 19:10;70
26/12/2024 19:15;69
26/12/2024 19:30;74
26/12/2024 19:30;78
26/12/2024 19:45;72
26/12/2024 20:15;61
26/12/2024 8:30 p. m.;63
26/12/2024 20:30;68
26/12/2024 21:00;81
26/12/2024 22:00;66
27/12/2024 5:00;65
27/12/2024 5:00;69
27/12/2024 5:30;70
27/12/2024 5:40;82
27/12/2024 6:15;67
27/12/2024 6:30 a. m.;63
27/12/2024 6:40;65
27/12/2024 6:55;49
27/12/2024 7:00;66
27/12/2024 7:30;78
27/12/2024 7:30;83
27/12/2024 7:40;72
27/12/2024 7:45;76
27/12/2024 7:50;60
27/12/2024 8:00;73
27/12/2024 8:00;84
27/12/2024 8:30;60
27/12/2024 8:30;61
27/12/2024 8:40;67
27/12/2024 8:45;60
27/12/2024 9:00;65
27/12/2024 9:00;96
27/12/2024 9:15;56
27/12/2024 9:15;62
27/12/2024 9:20;70
27/12/2024 9:30;55
27/12/2024 9:30;68
27/12/2024 9:30;79
27/12/2024 9:30;87
27/12/2024 9:30;91
27/12/2024 10:00;68
27/12/2024 10:00;75
27/12/2024 10:00;76
27/12/2024 10:00;87
27/12/2024 10:00;87
27/12/2024 10:00;95
27/12/2024 10:20;57
27/12/2024 10:30;66
27/12/2024 10:45;66
27/12/2024 11:00;74
27/12/2024 11:10;69
27/12/2024 11:10;88
27/12/2024 11:30;79
27/12/2024 11:30;88
27/12/2024 11:30;134
27/12/2024 11:55;58
27/12/2024 12:00;67
27/12/2024 12:00;70
27/12/2024 12:00;71
27/12/2024 12:00;76
27/12/2024 12:10;77
27/12/2024 12:30;53
27/12/2024 12:40;60
27/12/2024 12:40;78
27/12/2024 12:40;79
27/12/2024 12:50;73
27/12/2024 13:00;97
27/12/2024 13:00;139
27/12/2024 13:15;70
27/12/2024 13:20;71
27/12/2024 13:20;75
27/12/2024 13:30;65
27/12/2024 13:30;125
27/12/2024 13:40;70
27/12/2024 14:00;58
27/12/2024 14:00;78
27/12/2024 14:00;123
27/12/2024 14:15;79
27/12/2024 14:30;70
27/12/2024 14:45;114
27/12/2024 14:50;68
27/12/2024 15:00;66
27/12/2024 15:00;118
27/12/2024 15:00;124
27/12/2024 15:10;77
27/12/2024 15:10;78
27/12/2024 15:30;70
27/12/2024 15:30;75
27/12/2024 15:30;87
27/12/2024 15:30;131
27/12/2024 15:40;66
27/12/2024 15:40;74
27/12/2024 16:00;69
27/12/2024 16:00;72
27/12/2024 16:00;129
27/12/2024 16:10;79
27/12/2024 16:20;81
27/12/2024 16:30;122
27/12/2024 16:40;66
27/12/2024 16:40;85
27/12/2024 4:50 p. m.;63
27/12/2024 17:15;58
27/12/2024 17:30;55
27/12/2024 17:30;56
27/12/2024 17:30;66
27/12/2024 17:30;69
27/12/2024 17:30;70
27/12/2024 17:30;72
27/12/2024 17:40;81
27/12/2024 17:45;76
27/12/2024 17:50;76
27/12/2024 18:00;59
27/12/2024 18:00;77
27/12/2024 18:00;138
27/12/2024 18:30;126
27/12/2024 18:50;83
27/12/2024 19:00;70
27/12/2024 19:00;89
27/12/2024 19:30;80
27/12/2024 19:40;72
27/12/2024 19:45;74
27/12/2024 20:00;65
27/12/2024 20:30;58
27/12/2024 20:30;87
27/12/2024 21:00;78
27/12/2024 9:15 p. m.;63
27/12/2024 22:00;97
28/12/2024 4:00;74
28/12/2024 4:40 a. m.;63
28/12/2024 5:00;69
28/12/2024 5:00;77
28/12/2024 5:40;71
28/12/2024 5:40;95
28/12/2024 6:00;53
28/12/2024 6:00;89
28/12/2024 6:20;68
28/12/2024 6:30;62
28/12/2024 6:45;70
28/12/2024 7:10;65
28/12/2024 7:30;51
28/12/2024 7:30 a. m.;63
28/12/2024 7:30;75
28/12/2024 7:30;92
28/12/2024 7:40;64
28/12/2024 8:00;71
28/12/2024 8:00;108
28/12/2024 8:05;62
28/12/2024 8:25;56
28/12/2024 8:25;64
28/12/2024 8:50;59
28/12/2024 9:00;67
28/12/2024 9:00;70
28/12/2024 9:00;89
28/12/2024 9:10;109
28/12/2024 9:30;54
28/12/2024 9:30;62
28/12/2024 9:30;87
28/12/2024 9:40;68
28/12/2024 9:50;78
28/12/2024 10:00;82
28/12/2024 10:20;58
28/12/2024 10:30;66
28/12/2024 10:30;76
28/12/2024 10:30;107
28/12/2024 10:45;67
28/12/2024 11:00;65
28/12/2024 11:00;79
28/12/2024 11:15;67
28/12/2024 11:20;79
28/12/2024 11:30;68
28/12/2024 11:30;80
28/12/2024 11:50;65
28/12/2024 11:55;69
28/12/2024 12:00;55
28/12/2024 12:00;80
28/12/2024 12:10;66
28/12/2024 12:15;103
28/12/2024 12:30;59
28/12/2024 12:30;62
28/12/2024 12:30;66
28/12/2024 12:30;82
28/12/2024 12:30;101
28/12/2024 12:50;60
28/12/2024 13:00;57
28/12/2024 13:00;79
28/12/2024 13:00;89
28/12/2024 13:10;70
28/12/2024 13:15;66
28/12/2024 13:20;54
28/12/2024 13:30;71
28/12/2024 13:30;91
28/12/2024 1:40 p. m.;63
28/12/2024 14:00;59
28/12/2024 14:00;69
28/12/2024 14:00;73
28/12/2024 14:00;74
28/12/2024 14:00;81
28/12/2024 14:00;97
28/12/2024 14:00;190
28/12/2024 14:15;127
28/12/2024 14:20;61
28/12/2024 14:30;49
28/12/2024 14:30;73
28/12/2024 14:30;83
28/12/2024 14:40;77
28/12/2024 14:45;60
28/12/2024 15:00;39
28/12/2024 15:00;73
28/12/2024 15:00;96
28/12/2024 15:00;120
28/12/2024 15:20;53
28/12/2024 15:20;75
28/12/2024 15:30;83
28/12/2024 16:00;61
28/12/2024 16:00;73
28/12/2024 16:00;84
28/12/2024 16:10;69
28/12/2024 16:20;86
28/12/2024 16:30;60
28/12/2024 16:30;75
28/12/2024 16:30;96
28/12/2024 17:00;67
28/12/2024 17:00;75
28/12/2024 17:10;67
28/12/2024 17:30;55
28/12/2024 17:30;101
28/12/2024 17:40;60
28/12/2024 18:00;38
28/12/2024 18:00;56
28/12/2024 18:00;72
28/12/2024 18:00;109
28/12/2024 18:10;62
28/12/2024 18:30;56
28/12/2024 18:30;90
28/12/2024 18:45;70
28/12/2024 18:50;73
28/12/2024 19:10;73
28/12/2024 19:20;45
28/12/2024 19:20;65
28/12/2024 19:30;65
28/12/2024 19:35;65
28/12/2024 19:45;79
28/12/2024 19:50;59
28/12/2024 20:00;67
28/12/2024 20:30;73
28/12/2024 20:30;76
28/12/2024 21:15;88
29/12/2024 5:00;72
29/12/2024 5:40;67
29/12/2024 5:40;90
29/12/2024 6:30;64
29/12/2024 6:30;67
29/12/2024 6:45 a. m.;63
29/12/2024 7:00;64
29/12/2024 7:00;68
29/12/2024 7:30;52
29/12/2024 7:30;71
29/12/2024 7:30;78
29/12/2024 8:00;56
29/12/2024 8:00;69
29/12/2024 8:00;82
29/12/2024 8:30;52
29/12/2024 8:30;70
29/12/2024 8:45 a. m.;63
29/12/2024 8:50;71
29/12/2024 9:00;73
29/12/2024 9:30 a. m.;63
29/12/2024 9:30;64
29/12/2024 9:30;72
29/12/2024 9:30;81
29/12/2024 10:00;50
29/12/2024 10:00;57
29/12/2024 10:00;91
29/12/2024 10:20;60
29/12/2024 10:20;70
29/12/2024 10:20;85
29/12/2024 10:20;102
29/12/2024 10:25;57
29/12/2024 10:30;71
29/12/2024 10:30;81
29/12/2024 10:50;62
29/12/2024 10:50;66
29/12/2024 11:05;60
29/12/2024 11:20;53
29/12/2024 11:30;53
29/12/2024 11:30;67
29/12/2024 11:30;67
29/12/2024 11:35;65
29/12/2024 11:45 a. m.;63
29/12/2024 12:00;59
29/12/2024 12:00 p. m.;63
29/12/2024 12:00;76
29/12/2024 12:00;81
29/12/2024 12:20;67
29/12/2024 12:20;67
29/12/2024 12:30;60
29/12/2024 12:30;62
29/12/2024 12:30;83
29/12/2024 12:35;68
29/12/2024 12:45;70
29/12/2024 13:00;53
29/12/2024 13:00;72
29/12/2024 13:00;77
29/12/2024 13:20;71
29/12/2024 13:30;52
29/12/2024 13:45;57
29/12/2024 13:50;69
29/12/2024 14:00;76
29/12/2024 14:00;93
29/12/2024 14:00;101
29/12/2024 14:10;61
29/12/2024 14:20;58
29/12/2024 14:25;79
29/12/2024 14:30;68
29/12/2024 14:30;70
29/12/2024 14:40;64
29/12/2024 14:45;61
29/12/2024 15:00;53
29/12/2024 15:00;72
29/12/2024 15:00;100
29/12/2024 15:20;50
29/12/2024 15:20;76
29/12/2024 15:30;81
29/12/2024 15:30;88
29/12/2024 15:35;72
29/12/2024 15:40;57
29/12/2024 15:40;91
29/12/2024 15:45;71
29/12/2024 15:50;20
29/12/2024 16:00;56
29/12/2024 16:00;61
29/12/2024 16:00;71
29/12/2024 16:00;80
29/12/2024 16:00;85
29/12/2024 16:30;28
29/12/2024 16:30;61
29/12/2024 16:30;77
29/12/2024 16:45;72
29/12/2024 16:50;67
29/12/2024 17:00;61
29/12/2024 17:00;61
29/12/2024 17:00;82
29/12/2024 17:00;89
29/12/2024 17:20;79
29/12/2024 17:30;49
29/12/2024 17:35;76
29/12/2024 17:50;73
29/12/2024 18:00;69
29/12/2024 18:00;79
29/12/2024 18:00;94
29/12/2024 18:10;66
29/12/2024 18:40;79
29/12/2024 18:50;65
29/12/2024 7:00 p. m.;63
29/12/2024 19:00;66
29/12/2024 19:00;74
29/12/2024 19:00;79
29/12/2024 19:00;105
29/12/2024 19:30;68
29/12/2024 19:30;73
29/12/2024 20:00;67
29/12/2024 20:00;81
29/12/2024 20:00;103
29/12/2024 21:50;68
29/12/2024 22:00;86
30/12/2024 3:20;64
30/12/2024 4:30;77
30/12/2024 5:00;59
30/12/2024 5:00 a. m.;63
30/12/2024 5:30;60
30/12/2024 5:30;69
30/12/2024 6:00;66
30/12/2024 6:00;69
30/12/2024 6:00;71
30/12/2024 6:15;65
30/12/2024 6:30;60
30/12/2024 6:30;67
30/12/2024 6:45;69
30/12/2024 6:50;66
30/12/2024 7:00;70
30/12/2024 7:10;65
30/12/2024 7:20;62
30/12/2024 7:30;73
30/12/2024 7:40;62
30/12/2024 7:45;66
30/12/2024 8:00 a. m.;63
30/12/2024 8:15;68
30/12/2024 8:20;72
30/12/2024 8:30;62
30/12/2024 8:30;65
30/12/2024 8:40;62
30/12/2024 8:45;69
30/12/2024 9:15;92
30/12/2024 9:20;64
30/12/2024 9:30;59
30/12/2024 9:30;68
30/12/2024 9:50;65
30/12/2024 10:00;65
30/12/2024 10:00;74
30/12/2024 10:00;88
30/12/2024 10:10;65
30/12/2024 10:10;69
30/12/2024 10:30;61
30/12/2024 10:40;58
30/12/2024 11:00 a. m.;63
30/12/2024 11:00;70
30/12/2024 11:10;64
30/12/2024 11:15;64
30/12/2024 11:20;76
30/12/2024 11:25;61
30/12/2024 11:30;59
30/12/2024 11:30;93
30/12/2024 12:00;49
30/12/2024 12:00 p. m.;63
30/12/2024 12:00;68
30/12/2024 12:00;78
30/12/2024 12:00;83
30/12/2024 12:30;62
30/12/2024 12:30;77
30/12/2024 12:30;100
30/12/2024 12:40;65
30/12/2024 13:00;74
30/12/2024 13:00;99
30/12/2024 13:30;78
30/12/2024 13:30;90
30/12/2024 13:40;82
30/12/2024 13:45;60
30/12/2024 13:45;80
30/12/2024 14:00;69
30/12/2024 14:00;82
30/12/2024 14:00;84
30/12/2024 14:00;86
30/12/2024 14:15;67
30/12/2024 14:20;71
30/12/2024 2:30 p. m.;63
30/12/2024 14:30;64
30/12/2024 14:30;100
30/12/2024 14:30;106
30/12/2024 14:30;121
30/12/2024 14:40;68
30/12/2024 14:45;62
30/12/2024 14:50;65
30/12/2024 15:00;66
30/12/2024 15:00;68
30/12/2024 15:00;72
30/12/2024 15:00;77
30/12/2024 15:20;62
30/12/2024 15:30;69
30/12/2024 15:30;76
30/12/2024 15:30;85
30/12/2024 15:35;69
30/12/2024 15:45;95
30/12/2024 16:00;58
30/12/2024 16:00;64
30/12/2024 16:00;71
30/12/2024 16:00;79
30/12/2024 16:00;115
30/12/2024 16:15;60
30/12/2024 16:20;58
30/12/2024 16:30;51
30/12/2024 16:30;74
30/12/2024 16:30;90
30/12/2024 16:30;103
30/12/2024 16:50;71
30/12/2024 17:00;66
30/12/2024 17:00;72
30/12/2024 17:00;78
30/12/2024 17:20;66
30/12/2024 17:30;71
30/12/2024 17:30;77
30/12/2024 17:30;91
30/12/2024 17:30;96
30/12/2024 17:40;78
30/12/2024 18:00;61
30/12/2024 18:00;72
30/12/2024 18:00;74
30/12/2024 18:00;75
30/12/2024 18:00;87
30/12/2024 18:30;66
30/12/2024 18:30;66
30/12/2024 18:30;67
30/12/2024 18:40;62
30/12/2024 18:40;71
30/12/2024 19:00;76
30/12/2024 19:00;92
30/12/2024 19:20;74
30/12/2024 19:30;65
30/12/2024 19:45;72
30/12/2024 20:00;57
30/12/2024 20:00;72
30/12/2024 20:15;58
30/12/2024 20:30;69
30/12/2024 20:30;87
30/12/2024 20:30;89
30/12/2024 21:00;63
30/12/2024 21:00;86
30/12/2024 21:30;114
30/12/2024 22:00;85
31/12/2024 5:00;66
31/12/2024 5:00;180
31/12/2024 5:15;73
31/12/2024 5:35;61
31/12/2024 5:40;78
31/12/2024 6:00;50
31/12/2024 6:30;60
31/12/2024 6:45;67
31/12/2024 6:45;81
31/12/2024 7:00;72
31/12/2024 7:00;72
31/12/2024 7:00;81
31/12/2024 7:20;79
31/12/2024 7:30;70
31/12/2024 7:50;62
31/12/2024 8:00;57
31/12/2024 8:00;60
31/12/2024 8:00;84
31/12/2024 8:00;101
31/12/2024 8:15;68
31/12/2024 8:50;70
31/12/2024 9:00;72
31/12/2024 9:00;148
31/12/2024 9:30;67
31/12/2024 9:30;85
31/12/2024 9:45;67
31/12/2024 10:00;58
31/12/2024 10:00;75
31/12/2024 10:00;83
31/12/2024 10:00;83
31/12/2024 10:20;73
31/12/2024 10:30;72
31/12/2024 10:30;75
31/12/2024 10:30;169
31/12/2024 10:40;70
31/12/2024 11:00;63
31/12/2024 11:00;66
31/12/2024 11:15;53
31/12/2024 11:20;64
31/12/2024 11:40;65
31/12/2024 11:45;55
31/12/2024 12:00;54
31/12/2024 12:00;64
31/12/2024 12:15;57
31/12/2024 12:20;60
31/12/2024 12:20;71
31/12/2024 12:30;34
31/12/2024 12:30;49
31/12/2024 12:30;67
31/12/2024 12:30;84
31/12/2024 12:30;84
31/12/2024 12:30;101
31/12/2024 12:50;79
31/12/2024 13:00;123
31/12/2024 13:10;68
31/12/2024 13:30;92
31/12/2024 14:00;111
31/12/2024 14:00;136
31/12/2024 15:00;69
31/12/2024 15:00;80
31/12/2024 15:00;80
31/12/2024 15:00;90
31/12/2024 15:00;108
31/12/2024 15:20;77
31/12/2024 15:30;51
31/12/2024 15:30;102
31/12/2024 15:45;59
31/12/2024 16:00;64
31/12/2024 16:00;85
31/12/2024 16:00;101
31/12/2024 16:00;104
31/12/2024 16:20;56
31/12/2024 16:30;59
31/12/2024 16:30;102
31/12/2024 16:45;73
31/12/2024 17:00;86
31/12/2024 17:00;97
31/12/2024 17:15;78
31/12/2024 17:20;75
31/12/2024 18:00;49
31/12/2024 18:00;66
31/12/2024 18:30;58
31/12/2024 19:00;62
31/12/2024 19:00;70
31/12/2024 19:00;100
31/12/2024 19:15;67
31/12/2024 20:00;75
31/12/2024 20:00;76
31/12/2024 21:00;83
